Source;Target;weight
Addam-Marbrand;Brynden-Tully;3
Addam-Marbrand;Cersei-Lannister;3
Addam-Marbrand;Jaime-Lannister;8
Addam-Marbrand;Lyle-Crakehall;4
Brynden-Tully;Jaime-Lannister;22
Brynden-Tully;Lyle-Crakehall;4
Brynden-Tully;Catelyn-Stark;3
Brynden-Tully;Daven-Lannister;3
Brynden-Tully;Edmure-Tully;15
Brynden-Tully;Edwyn-Frey;3
Brynden-Tully;Emmon-Frey;7
Brynden-Tully;Ryman-Frey;3
Cersei-Lannister;Jaime-Lannister;62
Cersei-Lannister;Rhaegar-Targaryen;8
Cersei-Lannister;Jon-Snow;3
Cersei-Lannister;Robert-Baratheon;36
Cersei-Lannister;Tywin-Lannister;17
Cersei-Lannister;Margaery-Tyrell;73
Cersei-Lannister;Osney-Kettleblack;27
Cersei-Lannister;Lancel-Lannister;15
Cersei-Lannister;Myrcella-Baratheon;8
Cersei-Lannister;Petyr-Baelish;7
Cersei-Lannister;Doran-Martell;3
Cersei-Lannister;Sansa-Stark;6
Cersei-Lannister;Gyles-Rosby;18
Cersei-Lannister;Harys-Swyft;4
Cersei-Lannister;Loras-Tyrell;24
Cersei-Lannister;Orton-Merryweather;9
Cersei-Lannister;Stannis-Baratheon;14
Cersei-Lannister;Tommen-Baratheon;93
Cersei-Lannister;Falyse-Stokeworth;14
Cersei-Lannister;Gregor-Clegane;10
Cersei-Lannister;Qyburn;30
Cersei-Lannister;Tallad;4
Cersei-Lannister;Meryn-Trant;18
Cersei-Lannister;Osmund-Kettleblack;25
Cersei-Lannister;Joffrey-Baratheon;24
Cersei-Lannister;Tyrion-Lannister;41
Cersei-Lannister;Dorcas;18
Cersei-Lannister;Dunsen;7
Cersei-Lannister;Eddard-Stark;3
Cersei-Lannister;Garlan-Tyrell;3
Cersei-Lannister;Garth-Tyrell;3
Cersei-Lannister;High-Septon-(Tyrions);3
Cersei-Lannister;High-Sparrow;35
Cersei-Lannister;Ilyn-Payne;10
Cersei-Lannister;Jalabhar-Xho;3
Cersei-Lannister;Jocelyn-Swyft;13
Cersei-Lannister;Kevan-Lannister;19
Cersei-Lannister;Mace-Tyrell;20
Cersei-Lannister;Maegor-I-Targaryen;3
Cersei-Lannister;Maggy;5
Cersei-Lannister;Mark-Mullendore;3
Cersei-Lannister;Melara-Hetherspoon;5
Cersei-Lannister;Moon-Boy;5
Cersei-Lannister;Olenna-Redwyne;6
Cersei-Lannister;Osfryd-Kettleblack;8
Cersei-Lannister;Pycelle;15
Cersei-Lannister;Rafford;7
Cersei-Lannister;Raynard;3
Cersei-Lannister;Senelle;9
Cersei-Lannister;Taena-of-Myr;46
Cersei-Lannister;Unella;13
Cersei-Lannister;Varys;7
Cersei-Lannister;Walder-Frey;5
Cersei-Lannister;Daenerys-Targaryen;3
Cersei-Lannister;Moelle;4
Cersei-Lannister;Robert-Strong;4
Cersei-Lannister;Scolera;5
Jaime-Lannister;Lyle-Crakehall;9
Jaime-Lannister;Rhaegar-Targaryen;7
Jaime-Lannister;Robert-Baratheon;16
Jaime-Lannister;Tywin-Lannister;14
Jaime-Lannister;Margaery-Tyrell;10
Jaime-Lannister;Lancel-Lannister;22
Jaime-Lannister;Sandor-Clegane;9
Jaime-Lannister;Sansa-Stark;6
Jaime-Lannister;Loras-Tyrell;10
Jaime-Lannister;Tommen-Baratheon;26
Jaime-Lannister;Mariya-Darry;6
Jaime-Lannister;Thoros-of-Myr;3
Jaime-Lannister;Qyburn;4
Jaime-Lannister;Osmund-Kettleblack;17
Jaime-Lannister;Robb-Stark;4
Jaime-Lannister;Renly-Baratheon;6
Jaime-Lannister;Tyrion-Lannister;19
Jaime-Lannister;Ryman-Frey;13
Jaime-Lannister;Kevan-Lannister;9
Jaime-Lannister;Mace-Tyrell;5
Jaime-Lannister;Melara-Hetherspoon;3
Jaime-Lannister;Olenna-Redwyne;3
Jaime-Lannister;Pycelle;10
Jaime-Lannister;Rafford;3
Jaime-Lannister;Taena-of-Myr;4
Jaime-Lannister;Varys;11
Jaime-Lannister;Walder-Frey;5
Jaime-Lannister;Shadrich;3
Jaime-Lannister;Walder-Rivers;4
Jaime-Lannister;Josmyn-Peckledon;17
Jaime-Lannister;Joy-Hill;3
Jaime-Lannister;Karyl-Vance;4
Jaime-Lannister;Lewys-Piper;3
Jaime-Lannister;Pia;10
Jaime-Lannister;Rennifer-Longwaters;3
Jaime-Lannister;Ronnet-Connington;4
Jaime-Lannister;Shitmouth;3
Jaime-Lannister;Sybell-Spicer;4
Jaime-Lannister;Vargo-Hoat;6
Jaime-Lannister;Wylis-Manderly;3
Jaime-Lannister;Zollo;3
Jaime-Lannister;Jonos-Bracken;9
Jaime-Lannister;Tytos-Blackwood;6
Aegon-Targaryen-(son-of-Rhaegar);Rhaegar-Targaryen;12
Aegon-Targaryen-(son-of-Rhaegar);Tywin-Lannister;3
Aegon-Targaryen-(son-of-Rhaegar);Tyrion-Lannister;23
Aegon-Targaryen-(son-of-Rhaegar);Elia-Martell;4
Aegon-Targaryen-(son-of-Rhaegar);Daenerys-Targaryen;11
Aegon-Targaryen-(son-of-Rhaegar);Franklyn-Flowers;3
Aegon-Targaryen-(son-of-Rhaegar);Haldon;14
Aegon-Targaryen-(son-of-Rhaegar);Harry-Strickland;9
Aegon-Targaryen-(son-of-Rhaegar);Jon-Connington;16
Aegon-Targaryen-(son-of-Rhaegar);Lemore;10
Aegon-Targaryen-(son-of-Rhaegar);Rhaenys-Targaryen-(daughter-of-Rhaegar);4
Aegon-Targaryen-(son-of-Rhaegar);Rolly-Duckfield;11
Aegon-Targaryen-(son-of-Rhaegar);Viserys-Targaryen;3
Aegon-Targaryen-(son-of-Rhaegar);Yandry;6
Aegon-Targaryen-(son-of-Rhaegar);Ysilla;4
Rhaegar-Targaryen;Robert-Baratheon;13
Aegon-V-Targaryen;Aemon-Targaryen-(Maester-Aemon);3
Aemon-Targaryen-(Maester-Aemon);Alleras;4
Aemon-Targaryen-(Maester-Aemon);Clydas;12
Aemon-Targaryen-(Maester-Aemon);Dareon;5
Aemon-Targaryen-(Maester-Aemon);Gilly;20
Aemon-Targaryen-(Maester-Aemon);Jon-Snow;29
Aemon-Targaryen-(Maester-Aemon);Samwell-Tarly;57
Aemon-Targaryen-(Maester-Aemon);Stannis-Baratheon;3
Alleras;Samwell-Tarly;8
Alleras;Armen;5
Alleras;Leo-Tyrell;7
Alleras;Marwyn;3
Alleras;Mollander;7
Alleras;Pate-(novice);8
Alleras;Roone;6
Clydas;Jon-Snow;20
Clydas;Samwell-Tarly;3
Clydas;Stannis-Baratheon;3
Clydas;Mully;4
Dareon;Gilly;7
Dareon;Samwell-Tarly;26
Dareon;Lanna-(Happy-Port);4
Gilly;Jon-Snow;25
Gilly;Samwell-Tarly;49
Gilly;Kojja-Mo;7
Gilly;Melisandre;7
Gilly;Mance-Rayder;3
Jon-Snow;Samwell-Tarly;45
Jon-Snow;Sansa-Stark;3
Jon-Snow;Stannis-Baratheon;79
Jon-Snow;Robb-Stark;13
Jon-Snow;Melisandre;48
Jon-Snow;Pypar;5
Jon-Snow;Qhorin-Halfhand;3
Jon-Snow;Sigorn;6
Jon-Snow;Satin;15
Jon-Snow;Mance-Rayder;25
Jon-Snow;Tycho-Nestoris;12
Jon-Snow;Selyse-Florent;38
Jon-Snow;Shireen-Baratheon;4
Jon-Snow;Narbert-Grandison;3
Jon-Snow;Othell-Yarwyck;10
Jon-Snow;Tormund;50
Jon-Snow;Wick-Whittlestick;5
Jon-Snow;Malegorn;5
Jon-Snow;Mully;14
Jon-Snow;Val;37
Jon-Snow;Leathers;18
Jon-Snow;Rory;6
Jon-Snow;Owen;3
Jon-Snow;Patrek-of-Kings-Mountain;7
Jon-Snow;Rattleshirt;23
Jon-Snow;Soren-Shieldbreaker;3
Jon-Snow;Tom-Barleycorn;4
Jon-Snow;Toregg;6
Jon-Snow;Ulmer;3
Jon-Snow;Weeper;3
Jon-Snow;Wun-Weg-Wun-Dar-Wun;11
Jon-Snow;Ygritte;14
Samwell-Tarly;Stannis-Baratheon;19
Samwell-Tarly;Xhondo;18
Samwell-Tarly;Theobald;7
Aeron-Greyjoy;Asha-Greyjoy;7
Aeron-Greyjoy;Baelor-Blacktyde;4
Aeron-Greyjoy;Balon-Greyjoy;17
Aeron-Greyjoy;Dunstan-Drumm;4
Aeron-Greyjoy;Emmond;4
Aeron-Greyjoy;Euron-Greyjoy;27
Aeron-Greyjoy;Gormond-Goodbrother;6
Aeron-Greyjoy;Gorold-Goodbrother;10
Aeron-Greyjoy;Greydon-Goodbrother;4
Aeron-Greyjoy;Meldred-Merlyn;7
Aeron-Greyjoy;Murenmure;11
Aeron-Greyjoy;Rus;5
Aeron-Greyjoy;Theon-Greyjoy;3
Aeron-Greyjoy;Victarion-Greyjoy;20
Asha-Greyjoy;Balon-Greyjoy;12
Asha-Greyjoy;Euron-Greyjoy;23
Asha-Greyjoy;Theon-Greyjoy;13
Asha-Greyjoy;Victarion-Greyjoy;10
Asha-Greyjoy;Robert-Baratheon;4
Asha-Greyjoy;Red-Oarsman;3
Asha-Greyjoy;Rodrik-Harlaw;7
Asha-Greyjoy;Tristifer-Botley;16
Asha-Greyjoy;Stannis-Baratheon;16
Asha-Greyjoy;Justin-Massey;15
Asha-Greyjoy;Clayton-Suggs;4
Asha-Greyjoy;Galbart-Glover;8
Asha-Greyjoy;Godry-Farring;3
Asha-Greyjoy;Grimtongue;3
Asha-Greyjoy;Hagen;3
Asha-Greyjoy;Qarl-the-Maid;8
Asha-Greyjoy;Rolfe-the-Dwarf;3
Asha-Greyjoy;Sybelle-Glover;3
Asha-Greyjoy;Torgon-Greyiron;3
Asha-Greyjoy;Tycho-Nestoris;3
Baelor-Blacktyde;Balon-Greyjoy;3
Baelor-Blacktyde;Euron-Greyjoy;4
Baelor-Blacktyde;Victarion-Greyjoy;4
Balon-Greyjoy;Euron-Greyjoy;23
Balon-Greyjoy;Theon-Greyjoy;3
Balon-Greyjoy;Victarion-Greyjoy;13
Balon-Greyjoy;Stannis-Baratheon;4
Dunstan-Drumm;Victarion-Greyjoy;3
Dunstan-Drumm;Rodrik-Harlaw;3
Euron-Greyjoy;Victarion-Greyjoy;50
Euron-Greyjoy;Red-Oarsman;6
Euron-Greyjoy;Rodrik-Harlaw;4
Euron-Greyjoy;Hotho-Harlaw;4
Euron-Greyjoy;Humfrey-Hewett;3
Euron-Greyjoy;Nute;4
Euron-Greyjoy;Quellon-Greyjoy;3
Euron-Greyjoy;Sawane-Botley;3
Gorold-Goodbrother;Victarion-Greyjoy;3
Meldred-Merlyn;Victarion-Greyjoy;3
Murenmure;Theon-Greyjoy;3
Theon-Greyjoy;Wyman-Manderly;3
Theon-Greyjoy;Walder-Frey-(son-of-Merrett);6
Theon-Greyjoy;Yellow-Dick;5
Theon-Greyjoy;Walda-Frey-(daughter-of-Merrett);3
Theon-Greyjoy;Walder-Frey-(son-of-Jammos);6
Theon-Greyjoy;Wex-Pyke;3
Theon-Greyjoy;Willow-Witch-eye;4
Victarion-Greyjoy;Wulfe;3
Aerys-II-Targaryen;Cersei-Lannister;3
Aerys-II-Targaryen;Jaime-Lannister;6
Aerys-II-Targaryen;Rhaegar-Targaryen;10
Aerys-II-Targaryen;Barristan-Selmy;4
Aerys-II-Targaryen;Denys-Darklyn;4
Aerys-II-Targaryen;Elbert-Arryn;3
Aerys-II-Targaryen;Owen-Merryweather;3
Aerys-II-Targaryen;Robert-Baratheon;8
Aerys-II-Targaryen;Tywin-Lannister;16
Barristan-Selmy;Rhaegar-Targaryen;3
Barristan-Selmy;Quentyn-Martell;22
Barristan-Selmy;Tyrion-Lannister;3
Barristan-Selmy;Varys;3
Barristan-Selmy;Daenerys-Targaryen;75
Barristan-Selmy;Daario-Naharis;18
Barristan-Selmy;Grey-Worm;6
Barristan-Selmy;Jhogo;3
Barristan-Selmy;Gerris-Drinkwater;4
Barristan-Selmy;Belwas;9
Barristan-Selmy;Ben-Plumm;4
Barristan-Selmy;Bloodbeard;3
Barristan-Selmy;Galazza-Galare;5
Barristan-Selmy;Grazhar;3
Barristan-Selmy;Groleo;8
Barristan-Selmy;Hizdahr-zo-Loraq;42
Barristan-Selmy;Khrazz;8
Barristan-Selmy;Larraq;3
Barristan-Selmy;Missandei;8
Barristan-Selmy;Reznak-mo-Reznak;7
Barristan-Selmy;Skahaz-mo-Kandaq;21
Barristan-Selmy;Steelskin;3
Barristan-Selmy;Widower;3
Barristan-Selmy;Xaro-Xhoan-Daxos;3
Robert-Baratheon;Tywin-Lannister;3
Robert-Baratheon;Stannis-Baratheon;15
Robert-Baratheon;Tommen-Baratheon;9
Robert-Baratheon;Tyrion-Lannister;6
Robert-Baratheon;Taena-of-Myr;5
Robert-Baratheon;Viserys-Targaryen;3
Robert-Baratheon;Val;3
Robert-Baratheon;Willam-Dustin;3
Tywin-Lannister;Wylis-Manderly;3
Alla-Tyrell;Elinor-Tyrell;8
Alla-Tyrell;Margaery-Tyrell;7
Alla-Tyrell;Megga-Tyrell;10
Alla-Tyrell;Osney-Kettleblack;3
Elinor-Tyrell;Margaery-Tyrell;5
Elinor-Tyrell;Megga-Tyrell;10
Elinor-Tyrell;Tallad;3
Margaery-Tyrell;Robert-Baratheon;5
Margaery-Tyrell;Megga-Tyrell;9
Margaery-Tyrell;Osney-Kettleblack;14
Margaery-Tyrell;Sansa-Stark;3
Margaery-Tyrell;Orton-Merryweather;4
Margaery-Tyrell;Tommen-Baratheon;46
Margaery-Tyrell;Qyburn;6
Margaery-Tyrell;Tallad;3
Margaery-Tyrell;Osmund-Kettleblack;8
Margaery-Tyrell;Olenna-Redwyne;3
Margaery-Tyrell;Senelle;3
Margaery-Tyrell;Taena-of-Myr;15
Margaery-Tyrell;Willas-Tyrell;3
Osney-Kettleblack;Stannis-Baratheon;3
Osney-Kettleblack;Tommen-Baratheon;6
Osney-Kettleblack;Taena-of-Myr;3
Armen;Leo-Tyrell;3
Armen;Marwyn;3
Armen;Mollander;3
Armen;Pate-(novice);5
Armen;Roone;4
Leo-Tyrell;Samwell-Tarly;3
Leo-Tyrell;Pate-(novice);8
Leo-Tyrell;Roone;3
Marwyn;Samwell-Tarly;6
Mollander;Pate-(novice);3
Mollander;Roone;7
Pate-(novice);Walgrave;10
Pate-(novice);Quill;4
Pate-(novice);Rosey;9
Alys-Arryn;Elys-Waynwood;4
Alys-Arryn;Jon-Arryn;3
Jon-Arryn;Robert-Baratheon;3
Jon-Arryn;Petyr-Baelish;3
Jon-Arryn;Lysa-Arryn;3
Jon-Arryn;Tyrion-Lannister;3
Amerei-Frey;Jaime-Lannister;6
Amerei-Frey;Lyle-Crakehall;4
Amerei-Frey;Lancel-Lannister;10
Lancel-Lannister;Osmund-Kettleblack;13
Lancel-Lannister;Moon-Boy;11
Anders-Yronwood;Quentyn-Martell;4
Quentyn-Martell;Trystane-Martell;3
Quentyn-Martell;Tattered-Prince;14
Andrey-Dalt;Arianne-Martell;10
Andrey-Dalt;Garin-(orphan);11
Andrey-Dalt;Myrcella-Baratheon;4
Andrey-Dalt;Sylva-Santagar;8
Andrey-Dalt;Tyene-Sand;4
Arianne-Martell;Quentyn-Martell;8
Arianne-Martell;Garin-(orphan);18
Arianne-Martell;Myrcella-Baratheon;16
Arianne-Martell;Sylva-Santagar;10
Arianne-Martell;Tyene-Sand;4
Arianne-Martell;Arys-Oakheart;19
Arianne-Martell;Doran-Martell;26
Arianne-Martell;Obara-Sand;5
Arianne-Martell;Oberyn-Martell;3
Arianne-Martell;Cedra;8
Arianne-Martell;Franklyn-Fowler;3
Arianne-Martell;Gerold-Dayne;11
Arianne-Martell;Mellei;3
Arianne-Martell;Morra;3
Arianne-Martell;Ricasso;3
Arianne-Martell;Timoth;3
Arianne-Martell;Balon-Swann;5
Arianne-Martell;Ellaria-Sand;3
Garin-(orphan);Myrcella-Baratheon;5
Garin-(orphan);Sylva-Santagar;8
Garin-(orphan);Tyene-Sand;5
Garin-(orphan);Gerold-Dayne;5
Garin-(orphan);Nymeria-Sand;3
Myrcella-Baratheon;Sylva-Santagar;4
Myrcella-Baratheon;Stannis-Baratheon;3
Myrcella-Baratheon;Tommen-Baratheon;11
Myrcella-Baratheon;Tyrion-Lannister;9
Myrcella-Baratheon;Trystane-Martell;10
Sylva-Santagar;Tyene-Sand;3
Anya-Waynwood;Benedar-Belmore;4
Anya-Waynwood;Gilwood-Hunter;6
Anya-Waynwood;Harrold-Hardyng;6
Anya-Waynwood;Horton-Redfort;7
Anya-Waynwood;Petyr-Baelish;10
Anya-Waynwood;Symond-Templeton;6
Anya-Waynwood;Yohn-Royce;5
Benedar-Belmore;Gilwood-Hunter;3
Benedar-Belmore;Horton-Redfort;5
Benedar-Belmore;Petyr-Baelish;5
Benedar-Belmore;Symond-Templeton;4
Gilwood-Hunter;Horton-Redfort;6
Gilwood-Hunter;Symond-Templeton;4
Gilwood-Hunter;Lysa-Arryn;3
Harrold-Hardyng;Yohn-Royce;3
Harrold-Hardyng;Robert-Arryn;4
Horton-Redfort;Yohn-Royce;3
Petyr-Baelish;Symond-Templeton;5
Petyr-Baelish;Yohn-Royce;12
Petyr-Baelish;Sansa-Stark;18
Petyr-Baelish;Tyrion-Lannister;5
Petyr-Baelish;Pycelle;4
Petyr-Baelish;Varys;4
Petyr-Baelish;Robert-Arryn;22
Symond-Templeton;Yohn-Royce;4
Areo-Hotah;Arianne-Martell;28
Areo-Hotah;Myrcella-Baratheon;5
Areo-Hotah;Arys-Oakheart;11
Areo-Hotah;Caleotte;7
Areo-Hotah;Doran-Martell;44
Areo-Hotah;Obara-Sand;13
Areo-Hotah;Oberyn-Martell;3
Areo-Hotah;Balon-Swann;4
Areo-Hotah;Ellaria-Sand;3
Arys-Oakheart;Garin-(orphan);3
Arys-Oakheart;Myrcella-Baratheon;18
Arys-Oakheart;Doran-Martell;3
Arys-Oakheart;Gerold-Dayne;6
Caleotte;Doran-Martell;11
Caleotte;Obara-Sand;5
Caleotte;Gregor-Clegane;4
Doran-Martell;Robert-Baratheon;3
Doran-Martell;Tywin-Lannister;4
Doran-Martell;Quentyn-Martell;4
Doran-Martell;Myrcella-Baratheon;11
Doran-Martell;Tyene-Sand;6
Doran-Martell;Obara-Sand;12
Doran-Martell;Oberyn-Martell;10
Doran-Martell;Gregor-Clegane;8
Doran-Martell;Nymeria-Sand;7
Doran-Martell;Viserys-Targaryen;3
Doran-Martell;Ellaria-Sand;3
Obara-Sand;Tyene-Sand;16
Oberyn-Martell;Tyene-Sand;3
Cedra;Garin-(orphan);5
Gerold-Dayne;Myrcella-Baratheon;9
Mellei;Morra;5
Arya-Stark;Dareon;5
Arya-Stark;Jon-Snow;12
Arya-Stark;Theon-Greyjoy;7
Arya-Stark;Bellegere-Otherys;3
Arya-Stark;Brea;5
Arya-Stark;Brusco;10
Arya-Stark;Denyo-Terys;8
Arya-Stark;Kindly-Man;17
Arya-Stark;Meralyn;9
Arya-Stark;Nan;5
Arya-Stark;Sandor-Clegane;3
Arya-Stark;Sansa-Stark;8
Arya-Stark;Syrio-Forel;4
Arya-Stark;Talea;4
Arya-Stark;Ternesio-Terys;5
Arya-Stark;Umma;6
Arya-Stark;Waif;20
Arya-Stark;Yorko-Terys;6
Arya-Stark;Bran-Stark;7
Arya-Stark;Eddard-Stark;4
Arya-Stark;Melisandre;4
Arya-Stark;Jeyne-Poole;4
Arya-Stark;Mance-Rayder;3
Arya-Stark;Ramsay-Snow;5
Brea;Brusco;6
Brea;Talea;4
Denyo-Terys;Ternesio-Terys;3
Kindly-Man;Waif;13
Sandor-Clegane;Sansa-Stark;3
Sandor-Clegane;Thoros-of-Myr;3
Sandor-Clegane;Timeon;4
Sandor-Clegane;Tyrion-Lannister;3
Sandor-Clegane;Tickler;4
Sansa-Stark;Tywin-Lannister;3
Sansa-Stark;Yohn-Royce;3
Sansa-Stark;Tyrion-Lannister;6
Rodrik-Harlaw;Victarion-Greyjoy;3
Rodrik-Harlaw;Sigfryd-Harlaw;3
Aurane-Waters;Cersei-Lannister;9
Aurane-Waters;Margaery-Tyrell;5
Aurane-Waters;Gyles-Rosby;3
Aurane-Waters;Harys-Swyft;5
Aurane-Waters;Loras-Tyrell;3
Aurane-Waters;Orton-Merryweather;3
Aurane-Waters;Paxter-Redwyne;3
Aurane-Waters;Stannis-Baratheon;3
Aurane-Waters;Tommen-Baratheon;3
Gyles-Rosby;Margaery-Tyrell;5
Gyles-Rosby;Harys-Swyft;6
Gyles-Rosby;Orton-Merryweather;4
Gyles-Rosby;Qyburn;4
Gyles-Rosby;Mace-Tyrell;3
Gyles-Rosby;Pycelle;12
Harys-Swyft;Orton-Merryweather;3
Harys-Swyft;Stannis-Baratheon;3
Harys-Swyft;Tommen-Baratheon;3
Harys-Swyft;Pycelle;12
Harys-Swyft;Taena-of-Myr;3
Loras-Tyrell;Margaery-Tyrell;21
Loras-Tyrell;Tommen-Baratheon;13
Loras-Tyrell;Osmund-Kettleblack;13
Loras-Tyrell;Tyrion-Lannister;3
Orton-Merryweather;Petyr-Baelish;5
Orton-Merryweather;Stannis-Baratheon;3
Orton-Merryweather;Tommen-Baratheon;3
Orton-Merryweather;Pycelle;5
Orton-Merryweather;Taena-of-Myr;4
Paxter-Redwyne;Samwell-Tarly;4
Stannis-Baratheon;Theon-Greyjoy;10
Stannis-Baratheon;Tywin-Lannister;7
Stannis-Baratheon;Tommen-Baratheon;13
Stannis-Baratheon;Tyrion-Lannister;6
Stannis-Baratheon;Wyman-Manderly;19
Stannis-Baratheon;Tycho-Nestoris;7
Stannis-Baratheon;Val;15
Stannis-Baratheon;Theomore;3
Stannis-Baratheon;William-Foxglove;3
Tommen-Baratheon;Tywin-Lannister;6
Tommen-Baratheon;Tyrion-Lannister;5
Baelor-I-Targaryen;Cersei-Lannister;5
Balman-Byrch;Cersei-Lannister;7
Balman-Byrch;Bronn;7
Balman-Byrch;Falyse-Stokeworth;10
Bronn;Cersei-Lannister;4
Bronn;Falyse-Stokeworth;3
Bronn;Tyrion-Lannister;4
Bronn;Lollys-Stokeworth;4
Falyse-Stokeworth;Qyburn;7
Balon-Swann;Jaime-Lannister;3
Balon-Swann;Myrcella-Baratheon;4
Balon-Swann;Doran-Martell;11
Balon-Swann;Gerold-Dayne;3
Balon-Swann;Loras-Tyrell;4
Balon-Swann;Gregor-Clegane;3
Balon-Swann;Tyrion-Lannister;3
Gregor-Clegane;Jaime-Lannister;5
Gregor-Clegane;Tywin-Lannister;5
Gregor-Clegane;Oberyn-Martell;3
Gregor-Clegane;Sandor-Clegane;5
Gregor-Clegane;Qyburn;6
Gregor-Clegane;Meryn-Trant;6
Gregor-Clegane;Ilyn-Payne;7
Gregor-Clegane;Pycelle;3
Gregor-Clegane;Rafford;7
Beric-Dondarrion;Jaime-Lannister;7
Beric-Dondarrion;Sandor-Clegane;3
Beric-Dondarrion;Catelyn-Stark;3
Beric-Dondarrion;Mariya-Darry;5
Beric-Dondarrion;Thoros-of-Myr;5
Catelyn-Stark;Jaime-Lannister;15
Catelyn-Stark;Petyr-Baelish;3
Catelyn-Stark;Sansa-Stark;9
Catelyn-Stark;Robb-Stark;4
Catelyn-Stark;Hyle-Hunt;3
Catelyn-Stark;Randyll-Tarly;3
Catelyn-Stark;Renly-Baratheon;4
Catelyn-Stark;Tyrion-Lannister;3
Catelyn-Stark;Eddard-Stark;5
Biter;Brienne-of-Tarth;5
Brienne-of-Tarth;Cersei-Lannister;3
Brienne-of-Tarth;Jaime-Lannister;21
Brienne-of-Tarth;Tywin-Lannister;3
Brienne-of-Tarth;Sandor-Clegane;12
Brienne-of-Tarth;Sansa-Stark;19
Brienne-of-Tarth;Tommen-Baratheon;3
Brienne-of-Tarth;Catelyn-Stark;10
Brienne-of-Tarth;Clarence-Crabb;4
Brienne-of-Tarth;Creighton-Longbough;8
Brienne-of-Tarth;Dick-Crabb;21
Brienne-of-Tarth;Dontos-Hollard;7
Brienne-of-Tarth;Elder-Brother;4
Brienne-of-Tarth;Gendry;6
Brienne-of-Tarth;Hyle-Hunt;17
Brienne-of-Tarth;Illifer;8
Brienne-of-Tarth;Jeyne-Heddle;4
Brienne-of-Tarth;Joffrey-Baratheon;4
Brienne-of-Tarth;Lysa-Arryn;3
Brienne-of-Tarth;Meribald;17
Brienne-of-Tarth;Narbert;6
Brienne-of-Tarth;Podrick-Payne;36
Brienne-of-Tarth;Pyg;4
Brienne-of-Tarth;Randyll-Tarly;8
Brienne-of-Tarth;Renly-Baratheon;9
Brienne-of-Tarth;Shagwell;9
Brienne-of-Tarth;Timeon;5
Brienne-of-Tarth;Tyrion-Lannister;3
Brienne-of-Tarth;Willow-Heddle;5
Blue-Bard;Cersei-Lannister;7
Blue-Bard;Margaery-Tyrell;6
Blue-Bard;Lambert-Turnberry;3
Blue-Bard;Qyburn;4
Blue-Bard;Tallad;3
Lambert-Turnberry;Tallad;3
Qyburn;Stannis-Baratheon;3
Qyburn;Robert-Strong;4
Bonifer-Hasty;Jaime-Lannister;4
Boros-Blount;Cersei-Lannister;3
Boros-Blount;Jaime-Lannister;3
Boros-Blount;Osney-Kettleblack;3
Boros-Blount;Tommen-Baratheon;4
Boros-Blount;Meryn-Trant;7
Boros-Blount;Osmund-Kettleblack;8
Meryn-Trant;Osmund-Kettleblack;9
Meryn-Trant;Rafford;7
Osmund-Kettleblack;Osney-Kettleblack;6
Osmund-Kettleblack;Tommen-Baratheon;6
Osmund-Kettleblack;Qyburn;3
Osmund-Kettleblack;Tyrion-Lannister;6
Osmund-Kettleblack;Pycelle;3
Bran-Stark;Jon-Snow;10
Bran-Stark;Theon-Greyjoy;8
Bran-Stark;Tommen-Baratheon;3
Bran-Stark;Rickon-Stark;12
Bran-Stark;Robb-Stark;11
Bran-Stark;Eddard-Stark;4
Bran-Stark;Brynden-Rivers;14
Bran-Stark;Coldhands;6
Bran-Stark;Hodor;50
Bran-Stark;Jojen-Reed;17
Bran-Stark;Leaf;5
Bran-Stark;Meera-Reed;33
Rickon-Stark;Theon-Greyjoy;4
Rickon-Stark;Robb-Stark;8
Robb-Stark;Theon-Greyjoy;7
Robb-Stark;Sansa-Stark;3
Robb-Stark;Stannis-Baratheon;6
Robb-Stark;Wyman-Manderly;3
Robb-Stark;Rodrik-Cassel;3
Brella;Sansa-Stark;4
Creighton-Longbough;Illifer;15
Creighton-Longbough;Shadrich;4
Dick-Crabb;Jaime-Lannister;3
Dick-Crabb;Podrick-Payne;9
Dick-Crabb;Renly-Baratheon;3
Dick-Crabb;Eustace-Brune;3
Dontos-Hollard;Sansa-Stark;9
Dontos-Hollard;Joffrey-Baratheon;4
Dontos-Hollard;Tyrion-Lannister;3
Elder-Brother;Meribald;3
Elder-Brother;Narbert;4
Gendry;Willow-Heddle;3
Hyle-Hunt;Sandor-Clegane;3
Hyle-Hunt;Sansa-Stark;3
Hyle-Hunt;Meribald;9
Hyle-Hunt;Podrick-Payne;19
Hyle-Hunt;Randyll-Tarly;5
Joffrey-Baratheon;Robert-Baratheon;5
Joffrey-Baratheon;Margaery-Tyrell;6
Joffrey-Baratheon;Myrcella-Baratheon;6
Joffrey-Baratheon;Sandor-Clegane;4
Joffrey-Baratheon;Sansa-Stark;6
Joffrey-Baratheon;Tommen-Baratheon;26
Joffrey-Baratheon;Qyburn;3
Joffrey-Baratheon;Tyrion-Lannister;19
Joffrey-Baratheon;Mace-Tyrell;3
Lysa-Arryn;Petyr-Baelish;14
Lysa-Arryn;Sansa-Stark;6
Lysa-Arryn;Robert-Arryn;8
Lysa-Arryn;Marillion;5
Lysa-Arryn;Nestor-Royce;12
Meribald;Narbert;4
Meribald;Podrick-Payne;14
Pyg;Shagwell;8
Pyg;Timeon;7
Pyg;Vargo-Hoat;3
Randyll-Tarly;Samwell-Tarly;4
Randyll-Tarly;Robert-Strong;3
Renly-Baratheon;Robert-Baratheon;5
Renly-Baratheon;Sansa-Stark;3
Renly-Baratheon;Stannis-Baratheon;4
Shagwell;Timeon;6
Shagwell;Zollo;3
Tyrion-Lannister;Tywin-Lannister;27
Tyrion-Lannister;Varys;14
Tyrion-Lannister;Yandry;15
Tyrion-Lannister;Ysilla;11
Tyrion-Lannister;Yezzan-zo-Qaggaz;17
Tyrion-Lannister;Tysha;4
Lollys-Stokeworth;Tanda-Stokeworth;4
Daven-Lannister;Jaime-Lannister;12
Daven-Lannister;Emmon-Frey;3
Edmure-Tully;Jaime-Lannister;24
Edmure-Tully;Tommen-Baratheon;4
Edmure-Tully;Emmon-Frey;11
Edmure-Tully;Ryman-Frey;5
Edmure-Tully;Ilyn-Payne;4
Edmure-Tully;Walder-Frey;4
Edmure-Tully;Forley-Prester;3
Edmure-Tully;Roslin-Frey;4
Edwyn-Frey;Jaime-Lannister;9
Edwyn-Frey;Ryman-Frey;5
Edwyn-Frey;Walder-Rivers;8
Emmon-Frey;Jaime-Lannister;8
Emmon-Frey;Tywin-Lannister;3
Emmon-Frey;Ryman-Frey;4
Emmon-Frey;Forley-Prester;3
Emmon-Frey;Genna-Lannister;5
Ryman-Frey;Walder-Rivers;5
Cedric-Payne;Podrick-Payne;3
Dorcas;Margaery-Tyrell;3
Dorcas;Osney-Kettleblack;3
Dorcas;Qyburn;3
Dorcas;Jocelyn-Swyft;8
Dorcas;Taena-of-Myr;6
Dunsen;Gregor-Clegane;6
Dunsen;Meryn-Trant;7
Dunsen;Ilyn-Payne;7
Dunsen;Rafford;7
Eddard-Stark;Jon-Snow;14
Eddard-Stark;Theon-Greyjoy;9
Eddard-Stark;Robert-Baratheon;10
Eddard-Stark;Jon-Arryn;4
Eddard-Stark;Sansa-Stark;3
Eddard-Stark;Stannis-Baratheon;9
Eddard-Stark;Robb-Stark;6
Eddard-Stark;Joffrey-Baratheon;3
Eddard-Stark;Tyrion-Lannister;4
Eddard-Stark;Pycelle;3
Eddard-Stark;Roose-Bolton;5
Eddard-Stark;Wyman-Manderly;4
Eddard-Stark;Ramsay-Snow;4
Eddard-Stark;Willam-Dustin;4
High-Septon-(Tyrions);Tyrion-Lannister;5
High-Sparrow;Margaery-Tyrell;11
High-Sparrow;Osney-Kettleblack;4
High-Sparrow;Tommen-Baratheon;7
High-Sparrow;Kevan-Lannister;5
High-Sparrow;Maegor-I-Targaryen;4
High-Sparrow;Taena-of-Myr;4
High-Sparrow;Unella;6
Ilyn-Payne;Jaime-Lannister;30
Ilyn-Payne;Lyle-Crakehall;6
Ilyn-Payne;Meryn-Trant;8
Ilyn-Payne;Rafford;7
Jalabhar-Xho;Lambert-Turnberry;3
Jalabhar-Xho;Tallad;3
Jocelyn-Swyft;Qyburn;3
Jocelyn-Swyft;Osmund-Kettleblack;3
Jocelyn-Swyft;Taena-of-Myr;4
Kevan-Lannister;Tywin-Lannister;8
Kevan-Lannister;Lancel-Lannister;10
Kevan-Lannister;Stannis-Baratheon;3
Kevan-Lannister;Tommen-Baratheon;17
Kevan-Lannister;Randyll-Tarly;6
Kevan-Lannister;Tyrion-Lannister;4
Kevan-Lannister;Mace-Tyrell;5
Kevan-Lannister;Pycelle;5
Kevan-Lannister;Varys;3
Kevan-Lannister;Ronnet-Connington;3
Mace-Tyrell;Tywin-Lannister;4
Mace-Tyrell;Margaery-Tyrell;6
Mace-Tyrell;Stannis-Baratheon;4
Mace-Tyrell;Tommen-Baratheon;10
Mace-Tyrell;Randyll-Tarly;5
Mace-Tyrell;Tyrion-Lannister;3
Mace-Tyrell;Olenna-Redwyne;4
Mace-Tyrell;Pycelle;4
Mace-Tyrell;Mathis-Rowan;3
Mace-Tyrell;Robert-Strong;3
Maegor-I-Targaryen;Tommen-Baratheon;5
Maggy;Melara-Hetherspoon;3
Moon-Boy;Osmund-Kettleblack;12
Osfryd-Kettleblack;Osney-Kettleblack;6
Osfryd-Kettleblack;Osmund-Kettleblack;4
Pycelle;Tywin-Lannister;4
Pycelle;Stannis-Baratheon;6
Pycelle;Qyburn;10
Pycelle;Varys;4
Pycelle;Walder-Frey;3
Raynard;Torbert;4
Taena-of-Myr;Tommen-Baratheon;8
Taena-of-Myr;Tyrion-Lannister;3
Clement-Piper;Jaime-Lannister;3
Cleos-Frey;Jaime-Lannister;4
Colemon;Petyr-Baelish;6
Colemon;Gretchel;5
Colemon;Maddy;5
Colemon;Robert-Arryn;7
Gretchel;Sansa-Stark;3
Gretchel;Maddy;9
Gretchel;Robert-Arryn;4
Maddy;Sansa-Stark;3
Maddy;Robert-Arryn;7
Maddy;Mya-Stone;4
Robert-Arryn;Yohn-Royce;4
Robert-Arryn;Sansa-Stark;8
Robert-Arryn;Terrance-Lynderly;4
Craster;Gilly;8
Craster;Jon-Snow;3
Craster;Samwell-Tarly;6
Craster;Jeor-Mormont;3
Jeor-Mormont;Jon-Snow;11
Jeor-Mormont;Samwell-Tarly;3
Jeor-Mormont;Qhorin-Halfhand;3
Daemon-Sand;Doran-Martell;3
Daemon-Sand;Oberyn-Martell;3
Dalla;Gilly;10
Dalla;Stannis-Baratheon;5
Dalla;Melisandre;3
Dalla;Mance-Rayder;5
Dalla;Val;5
Nymeria-Sand;Tyene-Sand;13
Nymeria-Sand;Obara-Sand;17
Eddison-Tollett;Gilly;3
Eddison-Tollett;Jon-Snow;30
Eddison-Tollett;Samwell-Tarly;4
Eddison-Tollett;Satin;3
Eddison-Tollett;Mully;3
Eddison-Tollett;Emmett;8
Eddison-Tollett;Hobb;4
Eddison-Tollett;Janos-Slynt;4
Roslin-Frey;Walder-Frey;3
Elia-Martell;Rhaegar-Targaryen;6
Elia-Martell;Tywin-Lannister;3
Genna-Lannister;Jaime-Lannister;7
Genna-Lannister;Tywin-Lannister;3
Hotho-Harlaw;Victarion-Greyjoy;4
Hotho-Harlaw;Rodrik-Harlaw;4
Hotho-Harlaw;Sigfryd-Harlaw;4
Humfrey-Hewett;Victarion-Greyjoy;4
Nute;Victarion-Greyjoy;11
Nute;Rodrik-Harlaw;6
Nute;Ralf-Stonehouse;3
Quellon-Greyjoy;Victarion-Greyjoy;4
Garrett-Paege;Jaime-Lannister;3
Gerold-Grafton;Terrance-Lynderly;3
Kojja-Mo;Samwell-Tarly;8
Melisandre;Stannis-Baratheon;35
Melisandre;Sigorn;3
Melisandre;Selyse-Florent;11
Melisandre;Rattleshirt;6
Melisandre;Ygritte;3
Gormon-Tyrell;Walgrave;3
Grenn;Jon-Snow;3
Grenn;Pypar;8
Grenn;Todder;3
Pypar;Samwell-Tarly;3
Pypar;Todder;4
Gyles-Grafton;Robert-Arryn;3
Gyles-Grafton;Terrance-Lynderly;5
Harras-Harlaw;Victarion-Greyjoy;3
Hugo-Vance;Jaime-Lannister;3
Jaehaerys-I-Targaryen;Maegor-I-Targaryen;3
Josmyn-Peckledon;Pia;6
Pia;Qyburn;3
Pia;Tyrion-Lannister;3
Rennifer-Longwaters;Rugen;3
Sybell-Spicer;Wyman-Manderly;3
Jeyne-Farman;Melara-Hetherspoon;4
Jeyne-Westerling;Robb-Stark;3
Lothor-Brune;Petyr-Baelish;3
Lothor-Brune;Sansa-Stark;3
Lothor-Brune;Robert-Arryn;4
Lothor-Brune;Mya-Stone;6
Mya-Stone;Robert-Arryn;9
Mya-Stone;Myranda-Royce;6
Lucas-Codd;Red-Oarsman;3
Lucas-Codd;Torwold-Browntooth;3
Luwin;Nan;3
Lyn-Corbray;Petyr-Baelish;4
Lyn-Corbray;Robert-Arryn;6
Lyn-Corbray;Lyonel-Corbray;4
Lyonel-Corbray;Petyr-Baelish;3
Marillion;Petyr-Baelish;5
Nestor-Royce;Petyr-Baelish;17
Nestor-Royce;Yohn-Royce;3
Nestor-Royce;Sansa-Stark;13
Nestor-Royce;Robert-Arryn;7
Manfrey-Martell;Ricasso;4
Myranda-Royce;Sansa-Stark;3
Myranda-Royce;Robert-Arryn;4
Ralf-Stonehouse;Victarion-Greyjoy;3
Pate-(whipping-boy);Tommen-Baratheon;4
Puckens;Pycelle;3
Puckens;Shortear;3
Qhorin-Halfhand;Samwell-Tarly;3
Quhuru-Mo;Samwell-Tarly;4
Quhuru-Mo;Xhondo;4
Ralf-(Limper);Victarion-Greyjoy;7
Roose-Bolton;Theon-Greyjoy;14
Roose-Bolton;Stannis-Baratheon;18
Roose-Bolton;Wyman-Manderly;5
Roose-Bolton;Walda-Frey-(daughter-of-Merrett);4
Sarella-Sand;Tyene-Sand;3
Shae;Tyrion-Lannister;3
Shae;Tysha;4
Talbert-Serry;Victarion-Greyjoy;10
Aegon-I-Targaryen;Daenerys-Targaryen;4
Daenerys-Targaryen;Rhaegar-Targaryen;10
Daenerys-Targaryen;Victarion-Greyjoy;7
Daenerys-Targaryen;Robert-Baratheon;3
Daenerys-Targaryen;Quentyn-Martell;58
Daenerys-Targaryen;Doran-Martell;3
Daenerys-Targaryen;Tyrion-Lannister;17
Daenerys-Targaryen;Mace-Tyrell;3
Daenerys-Targaryen;Varys;3
Daenerys-Targaryen;Jon-Connington;6
Daenerys-Targaryen;Viserys-Targaryen;7
Daenerys-Targaryen;Grey-Worm;11
Daenerys-Targaryen;Jhogo;6
Daenerys-Targaryen;Rakharo;7
Daenerys-Targaryen;Gerris-Drinkwater;15
Daenerys-Targaryen;Tattered-Prince;4
Daenerys-Targaryen;Galazza-Galare;19
Daenerys-Targaryen;Groleo;4
Daenerys-Targaryen;Hizdahr-zo-Loraq;96
Daenerys-Targaryen;Missandei;37
Daenerys-Targaryen;Reznak-mo-Reznak;19
Daenerys-Targaryen;Skahaz-mo-Kandaq;33
Daenerys-Targaryen;Xaro-Xhoan-Daxos;16
Daenerys-Targaryen;Irri;25
Daenerys-Targaryen;Spotted-Cat;3
Daenerys-Targaryen;Penny;4
Daenerys-Targaryen;Moqorro;3
Daenerys-Targaryen;Meris;6
Daenerys-Targaryen;Hero;5
Daenerys-Targaryen;Jhiqui;15
Daenerys-Targaryen;Daeron-II-Targaryen;3
Daenerys-Targaryen;Drogo;7
Daenerys-Targaryen;Eroeh;3
Daenerys-Targaryen;Ezzara;3
Daenerys-Targaryen;Ghael;5
Daenerys-Targaryen;Illyrio-Mopatis;12
Daenerys-Targaryen;Jorah-Mormont;4
Daenerys-Targaryen;Lysono-Maar;3
Daenerys-Targaryen;Marselen;3
Daenerys-Targaryen;Mezzara;4
Daenerys-Targaryen;Miklaz;3
Daenerys-Targaryen;Qavo-Nogarys;5
Daenerys-Targaryen;Qezza;6
Daenerys-Targaryen;Quaithe;6
Daenerys-Targaryen;Symon-Stripeback;4
Daenerys-Targaryen;Yurkhaz-zo-Yunzak;4
Franklyn-Flowers;Jon-Connington;4
Haldon;Tyrion-Lannister;54
Haldon;Jon-Connington;13
Haldon;Lemore;4
Haldon;Rolly-Duckfield;26
Haldon;Yandry;4
Haldon;Ysilla;5
Haldon;Illyrio-Mopatis;3
Haldon;Qavo-Nogarys;5
Haldon;Pono;3
Harry-Strickland;Jon-Connington;18
Harry-Strickland;Myles-Toyne;4
Jon-Connington;Rhaegar-Targaryen;7
Jon-Connington;Robert-Baratheon;8
Jon-Connington;Tywin-Lannister;4
Jon-Connington;Tyrion-Lannister;37
Jon-Connington;Varys;6
Jon-Connington;Lemore;11
Jon-Connington;Rolly-Duckfield;12
Jon-Connington;Yandry;9
Jon-Connington;Myles-Toyne;9
Jon-Connington;Nyessos-Vhassar;3
Lemore;Tyrion-Lannister;16
Lemore;Rolly-Duckfield;5
Lemore;Yandry;5
Lemore;Ysilla;3
Rolly-Duckfield;Tyrion-Lannister;20
Rolly-Duckfield;Yandry;12
Rolly-Duckfield;Ysilla;9
Yandry;Ysilla;14
Aenys-Frey;Theon-Greyjoy;3
Aenys-Frey;Hosteen-Frey;6
Aenys-Frey;Wyman-Manderly;4
Hosteen-Frey;Wyman-Manderly;5
Aggo;Barristan-Selmy;3
Aggo;Daenerys-Targaryen;9
Aggo;Daario-Naharis;4
Aggo;Grey-Worm;5
Aggo;Jhogo;6
Aggo;Rakharo;9
Daario-Naharis;Quentyn-Martell;5
Daario-Naharis;Daenerys-Targaryen;50
Daario-Naharis;Grey-Worm;6
Daario-Naharis;Jhogo;9
Daario-Naharis;Rakharo;4
Daario-Naharis;Groleo;4
Daario-Naharis;Hizdahr-zo-Loraq;14
Daario-Naharis;Missandei;4
Daario-Naharis;Skahaz-mo-Kandaq;9
Daario-Naharis;Irri;7
Daario-Naharis;Hero;7
Daario-Naharis;Jhiqui;5
Grey-Worm;Hizdahr-zo-Loraq;3
Grey-Worm;Skahaz-mo-Kandaq;6
Grey-Worm;Irri;4
Jhogo;Rakharo;6
Alliser-Thorne;Jon-Snow;6
Alys-Karstark;Jon-Snow;13
Alys-Karstark;Melisandre;6
Alys-Karstark;Sigorn;5
Sigorn;Stannis-Baratheon;3
Alysane-Mormont;Asha-Greyjoy;18
Alysane-Mormont;Stannis-Baratheon;5
Alysane-Mormont;Justin-Massey;5
Justin-Massey;Stannis-Baratheon;10
Justin-Massey;Richard-Horpe;7
Archibald-Yronwood;Quentyn-Martell;21
Archibald-Yronwood;Cletus-Yronwood;5
Archibald-Yronwood;Gerris-Drinkwater;13
Archibald-Yronwood;Tattered-Prince;4
Cletus-Yronwood;Quentyn-Martell;7
Cletus-Yronwood;Daenerys-Targaryen;3
Cletus-Yronwood;Gerris-Drinkwater;5
Cletus-Yronwood;Kedry;3
Gerris-Drinkwater;Quentyn-Martell;49
Gerris-Drinkwater;Tattered-Prince;3
Gerris-Drinkwater;Hizdahr-zo-Loraq;4
Gerris-Drinkwater;Meris;4
Arnolf-Karstark;Asha-Greyjoy;3
Arnolf-Karstark;Stannis-Baratheon;7
Arnolf-Karstark;Arthor-Karstark;3
Arnolf-Karstark;Mors-Umber;4
Arnolf-Karstark;Rickard-Karstark;3
Mors-Umber;Stannis-Baratheon;7
Arron;Emrick;6
Arron;Hareth-(Moles-Town);4
Arron;Satin;4
Emrick;Hareth-(Moles-Town);3
Emrick;Satin;3
Hareth-(Moles-Town);Jon-Snow;10
Hareth-(Moles-Town);Satin;6
Hareth-(Moles-Town);Hop-Robin;5
Hareth-(Moles-Town);Leathers;3
Hareth-(Moles-Town);Rory;4
Satin;Selyse-Florent;4
Jeyne-Poole;Theon-Greyjoy;24
Jeyne-Poole;Roose-Bolton;3
Jeyne-Poole;Ramsay-Snow;12
Jeyne-Poole;Rowan;3
Jeyne-Poole;Squirrel;3
Mance-Rayder;Theon-Greyjoy;9
Mance-Rayder;Stannis-Baratheon;16
Mance-Rayder;Melisandre;6
Mance-Rayder;Ramsay-Snow;7
Mance-Rayder;Tormund;12
Mance-Rayder;Varamyr;3
Mance-Rayder;Val;6
Mance-Rayder;Rowan;4
Mance-Rayder;Squirrel;5
Ramsay-Snow;Theon-Greyjoy;87
Ramsay-Snow;Stannis-Baratheon;8
Ramsay-Snow;Roose-Bolton;14
Ramsay-Snow;Wyman-Manderly;5
Ramsay-Snow;Skinner;5
Ramsay-Snow;Sour-Alyn;6
Ramsay-Snow;Walder-Frey-(son-of-Merrett);3
Ramsay-Snow;Yellow-Dick;7
Clayton-Suggs;Stannis-Baratheon;6
Clayton-Suggs;Godry-Farring;5
Godry-Farring;Jon-Snow;3
Godry-Farring;Stannis-Baratheon;9
Godry-Farring;Melisandre;3
Godry-Farring;Justin-Massey;3
Godry-Farring;Mance-Rayder;3
Grimtongue;Hagen;5
Grimtongue;Lorren;5
Hagen;Tristifer-Botley;3
Hagen;Qarl-the-Maid;3
Hagen;Lorren;3
Qarl-the-Maid;Tristifer-Botley;5
Ashara-Dayne;Elia-Martell;3
Axell-Florent;Jon-Snow;4
Axell-Florent;Stannis-Baratheon;3
Axell-Florent;Melisandre;5
Axell-Florent;Selyse-Florent;8
Axell-Florent;Shireen-Baratheon;3
Selyse-Florent;Stannis-Baratheon;14
Selyse-Florent;Shireen-Baratheon;8
Selyse-Florent;Val;15
Selyse-Florent;Wun-Weg-Wun-Dar-Wun;5
Shireen-Baratheon;Stannis-Baratheon;4
Shireen-Baratheon;Val;4
Azor-Ahai;Stannis-Baratheon;3
Barbrey-Dustin;Theon-Greyjoy;17
Barbrey-Dustin;Stannis-Baratheon;3
Barbrey-Dustin;Roose-Bolton;3
Barbrey-Dustin;Jeyne-Poole;5
Barbrey-Dustin;Ramsay-Snow;5
Barbrey-Dustin;Roger-Ryswell;4
Roger-Ryswell;Theon-Greyjoy;4
Belwas;Quentyn-Martell;3
Belwas;Daenerys-Targaryen;13
Belwas;Hizdahr-zo-Loraq;11
Belwas;Skahaz-mo-Kandaq;3
Ben-Plumm;Tyrion-Lannister;4
Ben-Plumm;Daenerys-Targaryen;14
Ben-Plumm;Daario-Naharis;9
Ben-Plumm;Hizdahr-zo-Loraq;3
Ben-Plumm;Kasporio;3
Ben-Plumm;Penny;3
Ben-Plumm;Tybero-Istarion;5
Bloodbeard;Daenerys-Targaryen;3
Bloodbeard;Tattered-Prince;3
Bloodbeard;Hizdahr-zo-Loraq;5
Galazza-Galare;Grazhar;4
Galazza-Galare;Hizdahr-zo-Loraq;12
Galazza-Galare;Reznak-mo-Reznak;5
Galazza-Galare;Skahaz-mo-Kandaq;12
Grazhar;Qezza;5
Groleo;Jhogo;5
Groleo;Skahaz-mo-Kandaq;3
Groleo;Hero;4
Hizdahr-zo-Loraq;Quentyn-Martell;15
Hizdahr-zo-Loraq;Khrazz;9
Hizdahr-zo-Loraq;Missandei;6
Hizdahr-zo-Loraq;Reznak-mo-Reznak;13
Hizdahr-zo-Loraq;Skahaz-mo-Kandaq;29
Hizdahr-zo-Loraq;Steelskin;3
Hizdahr-zo-Loraq;Irri;3
Hizdahr-zo-Loraq;Spotted-Cat;5
Hizdahr-zo-Loraq;Jhiqui;3
Hizdahr-zo-Loraq;Qezza;3
Hizdahr-zo-Loraq;Marghaz-zo-Loraq;5
Khrazz;Steelskin;3
Khrazz;Spotted-Cat;4
Missandei;Quentyn-Martell;3
Missandei;Skahaz-mo-Kandaq;6
Reznak-mo-Reznak;Skahaz-mo-Kandaq;5
Barsena;Daenerys-Targaryen;4
Bartimus;Davos-Seaworth;4
Davos-Seaworth;Stannis-Baratheon;21
Davos-Seaworth;Robb-Stark;3
Davos-Seaworth;Eddard-Stark;4
Davos-Seaworth;Melisandre;4
Davos-Seaworth;Sybell-Spicer;3
Davos-Seaworth;Wyman-Manderly;32
Davos-Seaworth;Garth-(Wolfs-Den);4
Davos-Seaworth;Godric-Borrell;9
Davos-Seaworth;Leona-Woolfield;3
Davos-Seaworth;Marlon-Manderly;5
Davos-Seaworth;Robett-Glover;4
Davos-Seaworth;Salladhor-Saan;11
Belaquo;Hizdahr-zo-Loraq;3
Belaquo;Goghor-the-Giant;7
Belaquo;Irri;3
Belaquo;Spotted-Cat;5
Goghor-the-Giant;Hizdahr-zo-Loraq;5
Goghor-the-Giant;Khrazz;4
Goghor-the-Giant;Spotted-Cat;6
Irri;Rakharo;5
Irri;Missandei;9
Irri;Skahaz-mo-Kandaq;5
Irri;Jhiqui;24
Ben-Bones;Theon-Greyjoy;4
Ben-Bones;Ramsay-Snow;5
Kasporio;Tyrion-Lannister;3
Kasporio;Tybero-Istarion;3
Penny;Tyrion-Lannister;59
Penny;Yezzan-zo-Qaggaz;9
Penny;Sweets;4
Tybero-Istarion;Tyrion-Lannister;8
Benerro;Tyrion-Lannister;7
Benerro;Daenerys-Targaryen;3
Benerro;Haldon;4
Benerro;Moqorro;4
Moqorro;Victarion-Greyjoy;21
Moqorro;Tyrion-Lannister;7
Moqorro;Rodrik-Sparr;4
Benethon-Scales;Selyse-Florent;4
Benethon-Scales;Narbert-Grandison;3
Narbert-Grandison;Selyse-Florent;8
Narbert-Grandison;Patrek-of-Kings-Mountain;3
Benjen-Stark;Jon-Snow;4
Black-Balaq;Franklyn-Flowers;3
Bowen-Marsh;Jon-Snow;45
Bowen-Marsh;Stannis-Baratheon;3
Bowen-Marsh;Eddison-Tollett;9
Bowen-Marsh;Satin;3
Bowen-Marsh;Mance-Rayder;5
Bowen-Marsh;Cellador;8
Bowen-Marsh;Othell-Yarwyck;19
Bowen-Marsh;Tormund;5
Bowen-Marsh;Wick-Whittlestick;5
Cellador;Clydas;3
Cellador;Jon-Snow;3
Cellador;Othell-Yarwyck;8
Othell-Yarwyck;Weeper;4
Tormund;Val;9
Tormund;Weeper;9
Brynden-Rivers;Meera-Reed;3
Coldhands;Hodor;4
Coldhands;Meera-Reed;3
Hodor;Jojen-Reed;11
Hodor;Meera-Reed;21
Jojen-Reed;Meera-Reed;21
Leaf;Meera-Reed;6
Brandon-Norrey;Jon-Snow;3
Brandon-Norrey;Torghen-Flint;3
Brus-Buckler;Selyse-Florent;5
Brus-Buckler;Narbert-Grandison;4
Brus-Buckler;Malegorn;6
Malegorn;Selyse-Florent;5
Malegorn;Narbert-Grandison;3
Bump;Varamyr;5
Caggo;Quentyn-Martell;7
Caggo;Gerris-Drinkwater;3
Caggo;Tattered-Prince;4
Caggo;Lucifer-Long;3
Caggo;Meris;7
Meris;Quentyn-Martell;14
Meris;Tattered-Prince;9
Camarron;Spotted-Cat;3
Moelle;Unella;12
Moelle;Scolera;10
Scolera;Unella;12
Cleon;Quentyn-Martell;3
Cleon;Daenerys-Targaryen;9
Kedry;Quentyn-Martell;3
Corliss-Penny;Stannis-Baratheon;3
Cotter-Pyke;Jon-Snow;11
Cotter-Pyke;Selyse-Florent;3
Cotter-Pyke;Denys-Mallister;4
Denys-Mallister;Jon-Snow;4
Cromm;Grimtongue;4
Cromm;Hagen;4
Hero;Jhogo;8
Jhiqui;Rakharo;5
Jhiqui;Missandei;10
Jhiqui;Skahaz-mo-Kandaq;3
Drogo;Viserys-Targaryen;4
Illyrio-Mopatis;Tyrion-Lannister;30
Illyrio-Mopatis;Jon-Connington;6
Illyrio-Mopatis;Rolly-Duckfield;6
Jorah-Mormont;Tyrion-Lannister;27
Jorah-Mormont;Penny;9
Jorah-Mormont;Nurse;4
Marselen;Symon-Stripeback;4
Mezzara;Qezza;3
Miklaz;Qezza;4
Qavo-Nogarys;Tyrion-Lannister;6
Damon-Dance-for-Me;Theon-Greyjoy;5
Damon-Dance-for-Me;Ramsay-Snow;7
Damon-Dance-for-Me;Grunt;3
Damon-Dance-for-Me;Skinner;7
Damon-Dance-for-Me;Sour-Alyn;4
Grunt;Theon-Greyjoy;3
Grunt;Sour-Alyn;7
Skinner;Theon-Greyjoy;4
Skinner;Sour-Alyn;6
Sour-Alyn;Theon-Greyjoy;8
Sour-Alyn;Yellow-Dick;3
Garth-(Wolfs-Den);Sybell-Spicer;3
Leona-Woolfield;Wyman-Manderly;4
Marlon-Manderly;Stannis-Baratheon;3
Robett-Glover;Stannis-Baratheon;4
Salladhor-Saan;Stannis-Baratheon;8
Denzo-Dhan;Meris;3
Devan-Seaworth;Jon-Snow;5
Devan-Seaworth;Stannis-Baratheon;14
Devan-Seaworth;Melisandre;4
Dick-Straw;Tattered-Prince;4
Dick-Straw;Hugh-Hungerford;3
Donal-Noye;Jon-Snow;7
Donal-Noye;Qhorin-Halfhand;3
Draqaz;Miklaz;3
Dryn;Tormund;3
Emmett;Jon-Snow;15
Emmett;Hareth-(Moles-Town);3
Emmett;Janos-Slynt;4
Emmett;Hop-Robin;4
Hobb;Jon-Snow;4
Hobb;Melisandre;3
Hobb;Mully;3
Hobb;Owen;5
Janos-Slynt;Jon-Snow;16
Hop-Robin;Jon-Snow;4
Frenya;Theon-Greyjoy;3
Frenya;Holly;6
Holly;Theon-Greyjoy;10
Holly;Jeyne-Poole;4
Holly;Rowan;3
Fulk;Jon-Snow;4
Fulk;Mully;5
Garth-Greyfeather;Jon-Snow;3
Garth-Greyfeather;Hairy-Hal;4
Garth-Greyfeather;Jack-Bulwer;4
Hairy-Hal;Jon-Snow;4
Hairy-Hal;Jack-Bulwer;3
Jack-Bulwer;Jon-Snow;3
Gerrick-Kingsblood;Jon-Snow;5
Gerrick-Kingsblood;Raymun-Redbeard;3
Lorren;Sybelle-Glover;3
Haggon;Varamyr;8
Leathers;Tormund;3
Leathers;Toregg;4
Leathers;Wun-Weg-Wun-Dar-Wun;9
Harl;Lorren;3
Harwood-Stout;Theon-Greyjoy;5
Rowan;Theon-Greyjoy;12
Rowan;Squirrel;5
Hoster-Blackwood;Jaime-Lannister;4
Hother-Umber;Wyman-Manderly;5
Hother-Umber;Mors-Umber;3
Hother-Umber;Ramsay-Snow;5
Hother-Umber;Jon-Umber-(Greatjon);3
Jared-Frey;Rhaegar-Frey;3
Rhaegar-Frey;Wyman-Manderly;3
Squirrel;Theon-Greyjoy;7
Patrek-of-Kings-Mountain;Selyse-Florent;7
Patrek-of-Kings-Mountain;Wun-Weg-Wun-Dar-Wun;3
Toregg;Tormund;8
Nurse;Tyrion-Lannister;8
Nurse;Penny;4
Nurse;Yezzan-zo-Qaggaz;12
Joramun;Melisandre;4
Joramun;Mance-Rayder;3
Richard-Horpe;Stannis-Baratheon;3
Kerwin;Victarion-Greyjoy;12
Longwater-Pyke;Victarion-Greyjoy;3
Luton;Skinner;3
Lyanna-Mormont;Stannis-Baratheon;3
Lyanna-Stark;Rhaegar-Targaryen;4
Maege-Mormont;Robb-Stark;4
Malaquo-Maegyr;Nyessos-Vhassar;7
Marya-Seaworth;Stannis-Baratheon;3
Rodrik-Sparr;Victarion-Greyjoy;7
Morgo;Tyrion-Lannister;4
Old-Bill-Bone;Quentyn-Martell;3
Patchface;Selyse-Florent;3
Patchface;Shireen-Baratheon;3
Sweets;Tyrion-Lannister;7
Sweets;Yezzan-zo-Qaggaz;6
Rodrik-Cassel;Theon-Greyjoy;3
Roose-Ryswell;Stannis-Baratheon;3
Scar;Tyrion-Lannister;8
Scar;Yezzan-zo-Qaggaz;4
Shrouded-Lord;Tyrion-Lannister;4
Theomore;Wyman-Manderly;3
Walder-Frey-(son-of-Jammos);Walder-Frey-(son-of-Merrett);10
Thistle;Varamyr;7