Neuron 1;Neuron 2;Nbr
ADAR;ADAL;1
ADFL;ADAL;1
ASHL;ADAL;1
AVDR;ADAL;2
PVQL;ADAL;1
ADEL;ADAL;1
ADFL;ADAL;1
AIAL;ADAL;1
AIBL;ADAL;1
AIBR;ADAL;2
ASHL;ADAL;1
AVAR;ADAL;2
AVBL;ADAL;4
AVBR;ADAL;2
AVBR;ADAL;5
AVDL;ADAL;1
AVEL;ADAL;1
AVJR;ADAL;5
AWAL;ADAL;1
FLPR;ADAL;1
PVPL;ADAL;1
PVR;ADAL;1
RICL;ADAL;1
RICL;ADAL;1
RICR;ADAL;1
RIML;ADAL;3
RIPL;ADAL;1
RMGL;ADAL;1
SMDVR;ADAL;2
ADAL;ADAR;1
ADFR;ADAR;1
ASHR;ADAR;1
AVDL;ADAR;2
PVQR;ADAR;1
ADER;ADAR;1
ADFR;ADAR;1
AIAR;ADAR;1
AIBL;ADAR;1
AIBR;ADAR;1
ASHR;ADAR;2
AVAL;ADAR;1
AVBL;ADAR;1
AVBL;ADAR;1
AVBR;ADAR;5
AVEL;ADAR;1
AVJL;ADAR;1
AVJL;ADAR;2
RICL;ADAR;1
RICL;ADAR;1
RICR;ADAR;1
RIMR;ADAR;5
RIMR;ADAR;1
RIPR;ADAR;1
RIVR;ADAR;1
RMGR;ADAR;1
SMDVL;ADAR;2
URBR;ADAR;1
ADAL;ADEL;1
AINL;ADEL;1
AVKR;ADEL;1
ADER;ADEL;1
ADER;ADEL;2
ALA;ADEL;1
AVAL;ADEL;2
AVAR;ADEL;3
AVEL;ADEL;1
AVL;ADEL;1
BDUL;ADEL;1
BDUL;ADEL;3
CEPDL;ADEL;1
FLPL;ADEL;1
FLPL;ADEL;1
FLPL;ADEL;2
IL1L;ADEL;1
IL2L;ADEL;1
IL2L;ADEL;1
IL2L;ADEL;2
OLLL;ADEL;1
OLLL;ADEL;1
RIAL;ADEL;1
RIFL;ADEL;1
RIGL;ADEL;2
RIGL;ADEL;3
RIGR;ADEL;3
RIGR;ADEL;3
RIH;ADEL;2
RIVL;ADEL;1
RIVR;ADEL;1
RMDL;ADEL;2
RMDL;ADEL;2
RMGL;ADEL;1
RMHL;ADEL;1
SIADR;ADEL;1
SIBDR;ADEL;1
SMBDR;ADEL;1
URBL;ADEL;1
ADAR;ADER;1
ADEL;ADER;2
ADEL;ADER;1
AVKL;ADER;1
ALA;ADER;1
ALNR;ADER;1
AVAL;ADER;1
AVAL;ADER;4
AVAR;ADER;1
AVAR;ADER;1
AVDR;ADER;2
AVER;ADER;1
AVJR;ADER;1
AVKL;ADER;1
AVKL;ADER;1
AVKR;ADER;1
AVM;ADER;1
AVM;ADER;1
BDUR;ADER;1
CEPDR;ADER;1
FLPL;ADER;1
FLPL;ADER;2
FLPR;ADER;1
FLPR;ADER;1
FLPR;ADER;1
IL2R;ADER;1
IL2R;ADER;1
OLLR;ADER;2
PVR;ADER;1
RIGL;ADER;4
RIGL;ADER;3
RIGR;ADER;4
RIH;ADER;1
RMDR;ADER;2
SAAVR;ADER;1
ADAL;ADFL;1
ADAL;ADFL;1
AIZL;ADFL;5
AIZL;ADFL;7
ASHL;ADFL;3
AUAL;ADFL;1
AUAL;ADFL;4
AWBL;ADFL;1
AWBL;ADFL;8
OLQVL;ADFL;1
RIAL;ADFL;3
RIAL;ADFL;12
RIGL;ADFL;1
RIR;ADFL;2
SMBVL;ADFL;2
ADAR;ADFR;1
ADAR;ADFR;1
AIAR;ADFR;1
AIYR;ADFR;1
AIYR;ADFR;1
AIZR;ADFR;3
AIZR;ADFR;5
ASEL;ADFR;1
ASHR;ADFR;1
ASHR;ADFR;2
AUAR;ADFR;4
AVHL;ADFR;3
AWAR;ADFR;3
AWBR;ADFR;1
AWBR;ADFR;1
AWBR;ADFR;3
PVPR;ADFR;1
PVPR;ADFR;1
RIAR;ADFR;1
RIAR;ADFR;15
RIGR;ADFR;1
RIGR;ADFR;2
RIH;ADFR;1
RIR;ADFR;3
SMBDR;ADFR;1
SMBVR;ADFR;2
URXR;ADFR;1
ADLR;ADLL;1
AVDR;ADLL;1
OLQVL;ADLL;1
RMGL;ADLL;1
AIAL;ADLL;2
AIAL;ADLL;4
AIBL;ADLL;2
AIBL;ADLL;5
AIBR;ADLL;1
ALA;ADLL;2
ASER;ADLL;1
ASER;ADLL;2
ASHL;ADLL;2
AVAL;ADLL;2
AVAR;ADLL;3
AVBL;ADLL;2
AVBL;ADLL;2
AVDL;ADLL;1
AVDR;ADLL;4
AVHR;ADLL;1
AVJL;ADLL;1
AVJR;ADLL;3
AWBL;ADLL;2
CEPVL;ADLL;1
OLQVL;ADLL;1
RIPL;ADLL;1
SDQR;ADLL;1
ADLL;ADLR;1
AIAR;ADLR;2
AIAR;ADLR;8
AIAR;ADLR;2
AIBR;ADLR;10
ASER;ADLR;1
ASHR;ADLR;1
ASHR;ADLR;2
AVAR;ADLR;2
AVBL;ADLR;1
AVBR;ADLR;2
AVDL;ADLR;1
AVDL;ADLR;4
AVDR;ADLR;2
AVHR;ADLR;2
AVJR;ADLR;1
AVJR;ADLR;1
AWCR;ADLR;3
OLLR;ADLR;1
PVCL;ADLR;1
PVCL;ADLR;1
RICL;ADLR;1
RICR;ADLR;1
AFDR;AFDL;1
AIBL;AFDL;1
AINR;AFDL;1
AINR;AFDL;3
AINR;AFDL;1
AIYL;AFDL;7
ASER;AFDL;1
ASER;AFDL;1
AWAL;AFDL;1
AWAL;AFDL;4
AFDL;AFDR;1
AIBR;AFDR;1
AINL;AFDR;2
AINL;AFDR;3
AINR;AFDR;1
AIYR;AFDR;12
AIYR;AFDR;1
ASER;AFDR;1
ASER;AFDR;2
AWAR;AFDR;1
AWAR;AFDR;6
RIR;AFDR;1
ADAL;AIAL;1
ADLL;AIAL;2
ADLL;AIAL;4
AIAR;AIAL;1
ASIL;AIAL;2
AWAL;AIAL;1
AIBL;AIAL;3
AIBL;AIAL;7
AIML;AIAL;2
AIML;AIAL;1
AIML;AIAL;4
AINR;AIAL;2
AIZL;AIAL;1
AIZL;AIAL;3
ASEL;AIAL;3
ASER;AIAL;1
ASER;AIAL;2
ASER;AIAL;1
ASER;AIAL;1
ASGL;AIAL;1
ASGL;AIAL;6
ASGL;AIAL;3
ASHL;AIAL;1
ASHL;AIAL;5
ASHL;AIAL;2
ASIR;AIAL;1
ASKL;AIAL;2
ASKL;AIAL;1
ASKL;AIAL;7
ASKL;AIAL;4
AWCL;AIAL;2
AWCR;AIAL;1
HSNL;AIAL;1
HSNL;AIAL;1
PVQL;AIAL;3
PVQL;AIAL;3
RIFL;AIAL;1
RMGL;AIAL;1
ADAR;AIAR;1
ADLR;AIAR;2
ADLR;AIAR;2
ADLR;AIAR;8
ADFR;AIAR;1
AIAL;AIAR;1
ASIR;AIAR;2
AWAR;AIAR;1
AIBR;AIAR;6
AIBR;AIAR;8
AIMR;AIAR;5
AIZR;AIAR;1
AIZR;AIAR;1
ASER;AIAR;1
ASER;AIAR;1
ASER;AIAR;2
ASGR;AIAR;1
ASGR;AIAR;1
ASGR;AIAR;8
ASGR;AIAR;2
ASHR;AIAR;6
ASHR;AIAR;4
ASIR;AIAR;1
ASIR;AIAR;2
ASKR;AIAR;8
ASKR;AIAR;3
AWAR;AIAR;1
AWCL;AIAR;1
AWCL;AIAR;3
AWCL;AIAR;1
AWCR;AIAR;1
AWCR;AIAR;2
AWCR;AIAR;1
AWCR;AIAR;1
PVQR;AIAR;3
PVQR;AIAR;4
RIFR;AIAR;2
ADAL;AIBL;1
ADAR;AIBL;1
ADLL;AIBL;2
ADLL;AIBL;5
AIAL;AIBL;3
AIAL;AIBL;7
AFDL;AIBL;1
DVC;AIBL;1
PVT;AIBL;1
RIGR;AIBL;3
RIMR;AIBL;1
RIVL;AIBL;1
AINR;AIBL;2
AIYL;AIBL;1
AIZL;AIBL;2
AIZL;AIBL;2
AIZR;AIBL;1
AIZR;AIBL;7
ASEL;AIBL;1
ASEL;AIBL;6
ASER;AIBL;1
ASER;AIBL;2
ASGL;AIBL;3
ASHL;AIBL;2
ASHL;AIBL;3
ASIL;AIBL;1
ASKL;AIBL;2
AVAL;AIBL;2
AVBL;AIBL;1
AVBL;AIBL;4
AWCL;AIBL;1
AWCL;AIBL;1
BAGL;AIBL;1
DVC;AIBL;1
FLPL;AIBL;1
FLPL;AIBL;1
FLPL;AIBL;1
HSNR;AIBL;1
PVT;AIBL;2
RIBR;AIBL;1
RIBR;AIBL;3
RIBR;AIBL;1
RIBR;AIBL;1
RIFL;AIBL;1
RIGR;AIBL;1
RIML;AIBL;2
RIMR;AIBL;1
RIMR;AIBL;12
RIMR;AIBL;4
SAADL;AIBL;2
SAADL;AIBL;1
SAADR;AIBL;2
SAAVL;AIBL;1
SDQR;AIBL;2
SMDDR;AIBL;4
ADAL;AIBR;2
ADAR;AIBR;1
ADLL;AIBR;1
ADLR;AIBR;10
AIAR;AIBR;6
AIAR;AIBR;8
AFDR;AIBR;1
DB01;AIBR;1
DVC;AIBR;2
PVT;AIBR;1
RIGL;AIBR;3
RIML;AIBR;1
RIS;AIBR;1
RIVR;AIBR;1
AIZL;AIBR;2
AIZL;AIBR;6
AIZR;AIBR;1
ASEL;AIBR;2
ASEL;AIBR;2
ASER;AIBR;1
ASER;AIBR;9
ASGR;AIBR;2
ASHR;AIBR;1
ASHR;AIBR;2
ASIR;AIBR;1
AVAR;AIBR;1
AVBR;AIBR;3
AVEL;AIBR;1
AWBL;AIBR;1
AWCL;AIBR;1
AWCR;AIBR;4
DVC;AIBR;3
FLPL;AIBR;2
FLPR;AIBR;1
HSNR;AIBR;1
PVT;AIBR;4
RIAL;AIBR;1
RIBL;AIBR;4
RIBL;AIBR;2
RIML;AIBR;4
RIML;AIBR;12
RIMR;AIBR;1
RMGL;AIBR;1
SAADL;AIBR;1
SAADR;AIBR;1
SDQL;AIBR;1
SMDDL;AIBR;1
SMDDL;AIBR;2
SMDVL;AIBR;1
VB01;AIBR;3
VB01;AIBR;1
AIAL;AIML;1
AIAL;AIML;4
AIAL;AIML;2
SIBDR;AIML;1
ALML;AIML;1
ASGL;AIML;2
ASKL;AIML;2
ASKL;AIML;2
AVBR;AIML;2
AVDL;AIML;1
AVDR;AIML;1
AVER;AIML;1
AVFL;AIML;1
AVFL;AIML;3
AVFR;AIML;1
AVHL;AIML;2
AVHR;AIML;1
AVJL;AIML;1
PVQL;AIML;1
RIFL;AIML;1
SMBVL;AIML;1
AIAR;AIMR;5
ASGR;AIMR;2
ASJR;AIMR;2
ASKR;AIMR;3
ASKR;AIMR;1
AVDR;AIMR;1
AVFL;AIMR;1
AVFL;AIMR;1
AVFR;AIMR;1
AVFR;AIMR;1
HSNL;AIMR;1
HSNR;AIMR;2
OLQDR;AIMR;1
PVNR;AIMR;1
RIFR;AIMR;1
RMGR;AIMR;1
RMGR;AIMR;1
RMGR;AIMR;1
AFDR;AINL;2
AFDR;AINL;3
ADEL;AINL;1
AINR;AINL;2
ASGR;AINL;1
AUAR;AINL;1
ASEL;AINL;1
ASEL;AINL;2
ASGR;AINL;1
AUAR;AINL;1
BAGL;AINL;3
RIBL;AINL;1
RIBR;AINL;2
AFDL;AINR;3
AFDL;AINR;1
AFDL;AINR;1
AFDR;AINR;1
AIAL;AINR;2
AIBL;AINR;2
AINL;AINR;2
ASGL;AINR;1
AUAL;AINR;1
ASEL;AINR;1
ASER;AINR;1
ASER;AINR;1
ASGL;AINR;1
AUAR;AINR;1
BAGR;AINR;3
RIBL;AINR;2
RID;AINR;1
AFDL;AIYL;7
AIBL;AIYL;1
AIYR;AIYL;1
RIML;AIYL;1
AIZL;AIYL;3
AIZL;AIYL;10
ASEL;AIYL;8
ASEL;AIYL;5
ASER;AIYL;2
ASER;AIYL;2
ASIL;AIYL;2
AWAL;AIYL;3
AWAL;AIYL;1
AWCL;AIYL;1
AWCL;AIYL;7
AWCL;AIYL;3
AWCR;AIYL;1
AWCR;AIYL;1
AWCR;AIYL;3
BAGR;AIYL;1
HSNR;AIYL;1
RIAL;AIYL;1
RIAL;AIYL;6
RIBL;AIYL;4
ADFR;AIYR;1
ADFR;AIYR;1
AFDR;AIYR;12
AFDR;AIYR;1
AIYL;AIYR;1
RIMR;AIYR;1
AIZR;AIYR;8
ASEL;AIYR;5
ASEL;AIYR;1
ASER;AIYR;4
ASER;AIYR;10
ASGR;AIYR;1
AUAR;AIYR;1
AWAR;AIYR;1
AWAR;AIYR;2
AWCR;AIYR;3
AWCR;AIYR;6
HSNL;AIYR;1
RIAR;AIYR;6
RIBR;AIYR;2
ADFL;AIZL;5
ADFL;AIZL;7
AIAL;AIZL;3
AIAL;AIZL;1
AIBL;AIZL;2
AIBL;AIZL;2
AIBR;AIZL;2
AIBR;AIZL;6
AIYL;AIZL;3
AIYL;AIZL;10
AIZR;AIZL;2
ASGL;AIZL;1
ASHL;AIZL;1
ASEL;AIZL;1
ASIL;AIZL;1
AVER;AIZL;5
AWAL;AIZL;3
AWAL;AIZL;7
AWBL;AIZL;3
AWBL;AIZL;6
DVA;AIZL;1
DVA;AIZL;3
HSNL;AIZL;2
HSNR;AIZL;1
RIAL;AIZL;3
RIAL;AIZL;5
RIGL;AIZL;1
RIH;AIZL;4
RIML;AIZL;4
RIR;AIZL;3
RIR;AIZL;3
SMBDL;AIZL;1
SMBDL;AIZL;8
SMBVL;AIZL;7
VB02;AIZL;1
ADFR;AIZR;3
ADFR;AIZR;5
AIAR;AIZR;1
AIAR;AIZR;1
AIBL;AIZR;1
AIBL;AIZR;7
AIBR;AIZR;1
AIYR;AIZR;8
AIZL;AIZR;2
ASGR;AIZR;1
ASHR;AIZR;1
AWAR;AIZR;1
AVEL;AIZR;4
AVER;AIZR;1
AVER;AIZR;1
AWAR;AIZR;2
AWAR;AIZR;5
AWBR;AIZR;1
AWBR;AIZR;3
DVA;AIZR;1
DVA;AIZR;1
HSNL;AIZR;1
HSNR;AIZR;1
RIAR;AIZR;4
RIAR;AIZR;3
RIBR;AIZR;1
RIGL;AIZR;1
RIH;AIZR;4
RIMR;AIZR;1
RIMR;AIZR;3
RIR;AIZR;4
RIR;AIZR;1
SMBDR;AIZR;5
SMBVR;AIZR;3
SMDDR;AIZR;1
ADEL;ALA;1
ADER;ALA;1
ADLL;ALA;2
RID;ALA;1
AVAL;ALA;1
AVEL;ALA;2
AVER;ALA;1
AVER;ALA;1
RMDR;ALA;1
AIML;ALML;1
AVM;ALML;1
PVR;ALML;1
AVDR;ALML;1
AVEL;ALML;1
BDUL;ALML;5
BDUL;ALML;1
CEPDL;ALML;3
CEPVL;ALML;2
PVCL;ALML;2
PVCL;ALML;2
PVCR;ALML;1
PVCR;ALML;1
RIFL;ALML;2
RMDDR;ALML;1
RMGL;ALML;1
RMGL;ALML;1
SDQL;ALML;1
SDQL;ALML;1
AVM;ALMR;1
BDUR;ALMR;5
BDUR;ALMR;1
CEPDR;ALMR;1
CEPVR;ALMR;1
PVCR;ALMR;3
RMDDL;ALMR;1
SIADL;ALMR;1
SMBDR;ALNL;1
RIGL;ALNL;1
RMGL;ALNL;1
SAAVL;ALNL;3
SAAVL;ALNL;1
SMBDR;ALNL;2
SMDVL;ALNL;1
ADER;ALNR;1
RIGR;ALNR;1
RMGR;ALNR;1
RMHR;ALNR;1
SAAVR;ALNR;2
SMBDL;ALNR;2
SMDDR;ALNR;1
SMDVL;ALNR;1
AVBL;AQR;1
AVKL;AQR;2
AVKR;AQR;1
PVPL;AQR;7
PVPR;AQR;9
RIGL;AQR;2
RIGR;AQR;1
AVAL;AQR;1
AVAL;AQR;1
AVAR;AQR;1
AVAR;AQR;2
AVBL;AQR;1
AVBL;AQR;2
AVBR;AQR;4
AVDL;AQR;1
AVDR;AQR;1
AVHR;AQR;2
AVJL;AQR;1
BAGL;AQR;2
BAGR;AQR;2
DVA;AQR;1
DVA;AQR;3
PVCR;AQR;2
PVCR;AQR;1
PVPL;AQR;1
PVPL;AQR;1
PVPR;AQR;2
RIAL;AQR;1
RIAL;AQR;2
RIAR;AQR;1
RIAR;AQR;1
URXL;AQR;1
AVAL;AS01;3
AVAR;AS01;2
VA03;AS01;1
VD02;AS01;1
AVAR;AS01;1
AVBR;AS01;1
AVDL;AS01;1
AVEL;AS01;1
AVER;AS01;1
AVER;AS01;2
DA01;AS01;2
DB01;AS01;1
PVCL;AS01;1
VD01;AS01;1
VD01;AS01;4
DA02;AS02;1
VA04;AS02;2
AVAL;AS02;1
AVAR;AS02;2
AVER;AS02;2
DB01;AS02;1
DB01;AS02;1
DD01;AS02;1
PVCR;AS02;1
RID;AS02;1
VD02;AS02;4
VD02;AS02;6
AVAL;AS03;2
AVAR;AS03;1
DA02;AS03;1
VA05;AS03;2
AVAL;AS03;1
AVAR;AS03;1
AVBL;AS03;1
AVBR;AS03;1
AVER;AS03;1
DA03;AS03;1
DB01;AS03;1
DD01;AS03;1
VD02;AS03;1
VD03;AS03;1
VD03;AS03;14
DA03;AS04;1
AS05;AS04;1
AVAL;AS04;1
AVAR;AS04;1
AVBL;AS04;1
AVBR;AS04;1
AVDL;AS04;1
DA03;AS04;1
DB03;AS04;1
VD04;AS04;3
VD04;AS04;8
AS04;AS05;1
AVAL;AS05;1
AVAR;AS05;1
VA07;AS05;1
AVAL;AS05;3
AVAR;AS05;1
AVBL;AS05;1
AVBR;AS05;1
AVDL;AS05;1
AVDR;AS05;1
DB03;AS05;1
DD02;AS05;1
HSNR;AS05;1
VD05;AS05;3
VD05;AS05;6
AVAL;AS06;1
AVAR;AS06;1
AVBR;AS06;1
DA05;AS06;2
VA08;AS06;1
AVAR;AS06;2
AVBL;AS06;1
AVBR;AS06;1
PLMR;AS06;1
PVR;AS06;1
VD06;AS06;3
VD06;AS06;10
AVAL;AS07;6
AVAR;AS07;5
AVBL;AS07;2
AVBR;AS07;2
AVAL;AS07;8
AVAR;AS07;3
AVBR;AS07;1
AVAL;AS08;4
AVAR;AS08;3
AVAL;AS08;5
AVAR;AS08;6
AVAL;AS09;4
AVAR;AS09;1
DVB;AS09;7
AVAL;AS09;8
AVAR;AS09;1
AVAR;AS09;5
AVBL;AS09;1
AVAL;AS10;1
AVAR;AS10;1
AVAL;AS10;2
AVAR;AS10;1
AVBL;AS10;1
AVBR;AS10;1
AVDL;AS10;1
AVDR;AS10;1
PDB;AS11;2
AVAL;AS11;4
AVAR;AS11;6
AVDL;AS11;2
PDA;AS11;1
PDA;AS11;1
PDB;AS11;1
VA12;AS11;2
VD13;AS11;2
ADFR;ASEL;1
AIAL;ASEL;3
AIBL;ASEL;1
AIBL;ASEL;6
AIBR;ASEL;2
AIBR;ASEL;2
AINL;ASEL;1
AINL;ASEL;2
AINR;ASEL;1
AIYL;ASEL;8
AIYL;ASEL;5
AIYR;ASEL;5
AIYR;ASEL;1
AIZL;ASEL;1
ASIR;ASEL;2
AWAL;ASEL;4
AWAR;ASEL;1
AWCL;ASEL;4
AWCL;ASEL;1
AWCR;ASEL;1
AWCR;ASEL;1
RIAR;ASEL;1
ADLL;ASER;1
ADLL;ASER;2
ADLR;ASER;1
AFDL;ASER;1
AFDL;ASER;1
AFDR;ASER;2
AFDR;ASER;1
AIAL;ASER;1
AIAL;ASER;1
AIAL;ASER;1
AIAL;ASER;2
AIAR;ASER;1
AIAR;ASER;2
AIAR;ASER;1
AIBL;ASER;2
AIBL;ASER;1
AIBR;ASER;1
AIBR;ASER;9
AINR;ASER;1
AINR;ASER;1
AIYL;ASER;2
AIYL;ASER;2
AIYR;ASER;4
AIYR;ASER;10
ASIL;ASER;1
AWAR;ASER;1
AWAR;ASER;2
AWCL;ASER;1
AWCR;ASER;1
PVQR;ASER;1
AIAL;ASGL;6
AIAL;ASGL;3
AIAL;ASGL;1
AIBL;ASGL;3
AIML;ASGL;2
AINR;ASGL;1
AINR;ASGL;1
AIZL;ASGL;1
ASKL;ASGL;1
AWAL;ASGL;1
AIAR;ASGR;8
AIAR;ASGR;2
AIAR;ASGR;1
AIAR;ASGR;1
AIBR;ASGR;2
AIMR;ASGR;2
AINL;ASGR;1
AIYR;ASGR;1
AINL;ASGR;1
AIZR;ASGR;1
AWBR;ASGR;1
AWCR;ASGR;1
CEPVR;ASGR;1
ADAL;ASHL;1
ADFL;ASHL;3
ADLL;ASHL;2
AIAL;ASHL;5
AIAL;ASHL;2
AIAL;ASHL;1
AIBL;ASHL;2
AIBL;ASHL;3
ADAL;ASHL;1
AIZL;ASHL;1
ASHR;ASHL;1
RICL;ASHL;2
RMGL;ASHL;1
ASKL;ASHL;1
AVAL;ASHL;2
AVBL;ASHL;6
AVDL;ASHL;2
AVDR;ASHL;2
AVDR;ASHL;2
HSNL;ASHL;1
HSNR;ASHL;2
RIAL;ASHL;4
RIML;ASHL;1
RIPL;ASHL;1
RMGL;ASHL;1
URXL;ASHL;1
ADAR;ASHR;2
ADFR;ASHR;2
ADFR;ASHR;1
ADLR;ASHR;1
ADLR;ASHR;2
AIAR;ASHR;6
AIAR;ASHR;4
AIBR;ASHR;1
AIBR;ASHR;2
ADAR;ASHR;1
AIZR;ASHR;1
ASHL;ASHR;1
ASKR;ASHR;1
RICR;ASHR;2
RMGR;ASHR;1
ASIR;ASHR;1
AVAR;ASHR;1
AVAR;ASHR;4
AVBR;ASHR;3
AVDL;ASHR;1
AVDL;ASHR;4
AVDR;ASHR;1
AVER;ASHR;3
AWBR;ASHR;2
HSNL;ASHR;2
HSNR;ASHR;1
PVPR;ASHR;1
PVPR;ASHR;1
RIAR;ASHR;2
RIFR;ASHR;2
RMGR;ASHR;2
RMGR;ASHR;1
AIBL;ASIL;1
AIYL;ASIL;2
AIZL;ASIL;1
ASER;ASIL;1
AIAL;ASIL;2
ASIR;ASIL;1
ASKL;ASIL;2
AWCL;ASIL;1
AWCL;ASIL;1
AWCR;ASIL;1
AWCR;ASIL;1
RIBL;ASIL;1
AIAL;ASIR;1
AIAR;ASIR;1
AIAR;ASIR;2
AIBR;ASIR;1
ASEL;ASIR;2
ASHR;ASIR;1
AIAR;ASIR;2
ASIL;ASIR;1
AWCL;ASIR;1
AWCR;ASIR;1
AWCR;ASIR;1
ASJR;ASJL;1
ASKL;ASJL;4
AVFR;ASJL;1
HSNL;ASJL;1
HSNR;ASJL;1
PVQL;ASJL;8
PVQL;ASJL;6
PVQL;ASJL;1
AIMR;ASJR;2
ASJL;ASJR;1
ASKR;ASJR;1
ASKR;ASJR;3
HSNL;ASJR;1
HSNR;ASJR;1
PVQR;ASJR;9
PVQR;ASJR;4
AIAL;ASKL;7
AIAL;ASKL;4
AIAL;ASKL;2
AIAL;ASKL;1
AIBL;ASKL;2
AIML;ASKL;2
AIML;ASKL;2
ASGL;ASKL;1
ASHL;ASKL;1
ASIL;ASKL;2
ASJL;ASKL;4
ASKR;ASKL;1
PVQL;ASKL;5
RMGL;ASKL;1
AVFR;ASKL;1
HSNL;ASKL;1
PVQL;ASKL;4
AIAR;ASKR;8
AIAR;ASKR;3
AIMR;ASKR;1
AIMR;ASKR;3
ASJR;ASKR;1
ASJR;ASKR;3
ASHR;ASKR;1
ASKL;ASKR;1
PVQR;ASKR;4
RMGR;ASKR;1
AWAR;ASKR;1
CEPVR;ASKR;1
PVQR;ASKR;4
RIFR;ASKR;1
ADFL;AUAL;1
ADFL;AUAL;4
AINR;AUAL;1
AUAR;AUAL;1
AWBL;AUAL;1
AVAL;AUAL;1
AVAL;AUAL;2
AVDR;AUAL;1
AVEL;AUAL;3
DVA;AUAL;1
IL2DL;AUAL;1
RIAL;AUAL;5
RIBL;AUAL;2
RIBL;AUAL;7
RIBL;AUAL;1
RIR;AUAL;1
URXL;AUAL;1
URXL;AUAL;4
ADFR;AUAR;4
AINL;AUAR;1
AINR;AUAR;1
AIYR;AUAR;1
AINL;AUAR;1
AUAL;AUAR;1
AWBR;AUAR;1
AVAR;AUAR;1
AVER;AUAR;1
AVER;AUAR;3
AWAR;AUAR;1
DVA;AUAR;1
RIAR;AUAR;1
RIAR;AUAR;5
RIBR;AUAR;4
RIBR;AUAR;9
RIH;AUAR;1
URXR;AUAR;1
URXR;AUAR;1
URXR;AUAR;3
ADAR;AVAL;1
ADEL;AVAL;2
ADER;AVAL;1
ADER;AVAL;4
ADLL;AVAL;2
AIBL;AVAL;2
ALA;AVAL;1
AQR;AVAL;1
AQR;AVAL;1
AS02;AVAL;1
AS03;AVAL;1
AS04;AVAL;1
AS05;AVAL;3
AS07;AVAL;7
AS07;AVAL;1
AS08;AVAL;5
AS09;AVAL;8
AS10;AVAL;2
AS11;AVAL;4
ASHL;AVAL;2
AUAL;AVAL;1
AUAL;AVAL;2
AS01;AVAL;3
AS03;AVAL;2
AS05;AVAL;1
AS06;AVAL;1
AS07;AVAL;6
AS08;AVAL;4
AS09;AVAL;4
AS10;AVAL;1
AVAR;AVAL;5
AVJL;AVAL;2
DA01;AVAL;2
DA02;AVAL;2
DA04;AVAL;3
DA05;AVAL;1
DA06;AVAL;10
DA07;AVAL;2
DB06;AVAL;3
FLPL;AVAL;1
LUAL;AVAL;1
PVCL;AVAL;2
PVCR;AVAL;5
PVPL;AVAL;1
RIMR;AVAL;3
SABD;AVAL;4
SABVR;AVAL;1
SDQR;AVAL;1
URYDL;AVAL;1
URYVR;AVAL;1
VA01;AVAL;3
VA02;AVAL;4
VA03;AVAL;1
VA04;AVAL;1
VA05;AVAL;5
VA06;AVAL;6
VA07;AVAL;2
VA08;AVAL;10
VA09;AVAL;1
VA10;AVAL;1
VA11;AVAL;1
VB09;AVAL;5
AVAR;AVAL;2
AVAR;AVAL;1
AVBL;AVAL;6
AVBL;AVAL;1
AVBR;AVAL;1
AVBR;AVAL;5
AVBR;AVAL;1
AVDL;AVAL;1
AVDL;AVAL;1
AVDL;AVAL;12
AVDR;AVAL;3
AVDR;AVAL;13
AVEL;AVAL;2
AVEL;AVAL;10
AVER;AVAL;2
AVER;AVAL;5
AVHL;AVAL;1
AVJR;AVAL;1
AWCL;AVAL;1
BAGR;AVAL;1
BAGR;AVAL;1
BDUR;AVAL;3
DA01;AVAL;1
DA01;AVAL;1
DA02;AVAL;1
DA02;AVAL;1
DA03;AVAL;1
DA03;AVAL;5
DA04;AVAL;1
DA04;AVAL;6
DA05;AVAL;2
DA05;AVAL;5
DA06;AVAL;11
DA07;AVAL;2
DA08;AVAL;4
DA09;AVAL;2
DA09;AVAL;1
DB05;AVAL;1
DB05;AVAL;1
DB06;AVAL;1
DVA;AVAL;3
DVC;AVAL;5
FLPL;AVAL;4
FLPL;AVAL;10
FLPR;AVAL;2
FLPR;AVAL;10
LUAL;AVAL;1
LUAL;AVAL;5
LUAR;AVAL;3
PHBL;AVAL;9
PHBR;AVAL;7
PHCL;AVAL;1
PLMR;AVAL;1
PLMR;AVAL;3
PQR;AVAL;3
PQR;AVAL;5
PVCL;AVAL;3
PVCL;AVAL;7
PVCL;AVAL;1
PVCL;AVAL;1
PVCR;AVAL;2
PVCR;AVAL;4
PVCR;AVAL;2
PVCR;AVAL;5
PVDL;AVAL;6
PVDR;AVAL;6
PVNL;AVAL;2
PVNR;AVAL;2
PVNR;AVAL;2
PVPL;AVAL;1
PVPL;AVAL;1
PVPR;AVAL;1
RIBL;AVAL;1
RIBL;AVAL;1
RICL;AVAL;5
RICR;AVAL;5
RIML;AVAL;1
RIMR;AVAL;2
RMGL;AVAL;1
SAADL;AVAL;6
SAAVL;AVAL;1
SAAVL;AVAL;16
SDQL;AVAL;1
SDQL;AVAL;1
SDQR;AVAL;2
SMBDR;AVAL;1
URYVR;AVAL;1
VA02;AVAL;1
VA02;AVAL;1
VA03;AVAL;2
VA04;AVAL;2
VA05;AVAL;3
VA06;AVAL;4
VA08;AVAL;6
VA08;AVAL;3
VA09;AVAL;7
VA10;AVAL;5
VA11;AVAL;6
VA12;AVAL;2
VD06;AVAL;1
ADAL;AVAR;2
ADEL;AVAR;3
ADER;AVAR;1
ADER;AVAR;1
ADLL;AVAR;3
ADLR;AVAR;2
AIBR;AVAR;1
AQR;AVAR;1
AQR;AVAR;2
AS01;AVAR;1
AS02;AVAR;1
AS02;AVAR;1
AS03;AVAR;1
AS04;AVAR;1
AS05;AVAR;1
AS06;AVAR;2
AS07;AVAR;3
AS08;AVAR;5
AS08;AVAR;1
AS09;AVAR;3
AS09;AVAR;2
AS09;AVAR;1
AS10;AVAR;1
AS11;AVAR;6
ASHR;AVAR;1
ASHR;AVAR;4
AUAR;AVAR;1
AVAL;AVAR;1
AVAL;AVAR;2
AS01;AVAR;2
AS03;AVAR;1
AS05;AVAR;1
AS06;AVAR;1
AS07;AVAR;5
AS08;AVAR;3
AS09;AVAR;1
AS10;AVAR;1
AVAL;AVAR;5
DA01;AVAR;6
DA02;AVAR;2
DA03;AVAR;2
DA04;AVAR;2
DA05;AVAR;5
DA06;AVAR;2
DA08;AVAR;1
DB05;AVAR;2
PVCR;AVAR;3
RIML;AVAR;2
RIMR;AVAR;1
SABVL;AVAR;3
SABVR;AVAR;1
URYDR;AVAR;1
URYVL;AVAR;1
VA03;AVAR;2
VA04;AVAR;3
VA05;AVAR;3
VA06;AVAR;2
VA07;AVAR;4
VA08;AVAR;4
VA10;AVAR;1
VA11;AVAR;7
VA12;AVAR;1
VB09;AVAR;4
AVBL;AVAR;1
AVBL;AVAR;5
AVBL;AVAR;2
AVBR;AVAR;5
AVBR;AVAR;2
AVDL;AVAR;1
AVDL;AVAR;2
AVDL;AVAR;17
AVDR;AVAR;2
AVDR;AVAR;1
AVDR;AVAR;14
AVEL;AVAR;2
AVEL;AVAR;4
AVEL;AVAR;3
AVER;AVAR;2
AVER;AVAR;16
AVG;AVAR;1
AVG;AVAR;2
AVJL;AVAR;1
AVJR;AVAR;1
BAGL;AVAR;1
BAGL;AVAR;1
DA01;AVAR;1
DA01;AVAR;1
DA02;AVAR;2
DA03;AVAR;1
DA03;AVAR;2
DA04;AVAR;2
DA04;AVAR;4
DA05;AVAR;2
DA06;AVAR;2
DA06;AVAR;9
DA07;AVAR;3
DA08;AVAR;1
DA08;AVAR;7
DA09;AVAR;2
DB03;AVAR;1
DB05;AVAR;1
DB06;AVAR;2
DB06;AVAR;3
DVA;AVAR;1
DVC;AVAR;7
FLPL;AVAR;17
FLPR;AVAR;5
LUAL;AVAR;1
LUAL;AVAR;1
LUAL;AVAR;5
LUAR;AVAR;3
LUAR;AVAR;7
PDEL;AVAR;1
PDER;AVAR;1
PHBL;AVAR;6
PHBR;AVAR;7
PLMR;AVAR;1
PQR;AVAR;2
PQR;AVAR;9
PVCL;AVAR;2
PVCL;AVAR;5
PVCL;AVAR;4
PVCR;AVAR;5
PVCR;AVAR;7
PVDL;AVAR;6
PVDR;AVAR;9
PVPL;AVAR;1
PVPL;AVAR;1
PVPR;AVAR;2
PVWR;AVAR;1
RIBR;AVAR;2
RICL;AVAR;6
RICR;AVAR;5
RIGL;AVAR;1
RMGR;AVAR;1
SAADR;AVAR;3
SAAVR;AVAR;4
SAAVR;AVAR;9
SABD;AVAR;1
SABVL;AVAR;1
SABVL;AVAR;2
SDQL;AVAR;3
SMBDL;AVAR;1
VA02;AVAR;1
VA02;AVAR;1
VA03;AVAR;1
VA03;AVAR;4
VA04;AVAR;2
VA05;AVAR;1
VA06;AVAR;3
VA08;AVAR;9
VA08;AVAR;3
VA09;AVAR;4
VA09;AVAR;2
VA10;AVAR;4
VA11;AVAR;8
VD05;AVAR;1
VD11;AVAR;2
VD13;AVAR;2
VD13;AVAR;2
ADAL;AVBL;4
ADAR;AVBL;1
ADAR;AVBL;1
ADLL;AVBL;2
ADLL;AVBL;2
ADLR;AVBL;1
AIBL;AVBL;1
AIBL;AVBL;4
AQR;AVBL;1
AQR;AVBL;2
AS03;AVBL;1
AS04;AVBL;1
AS05;AVBL;1
AS06;AVBL;1
AS09;AVBL;1
AS10;AVBL;1
ASHL;AVBL;6
AVAL;AVBL;6
AVAL;AVBL;1
AVAR;AVBL;5
AVAR;AVBL;2
AVAR;AVBL;1
AQR;AVBL;1
AS07;AVBL;2
AVBR;AVBL;3
DB03;AVBL;1
DB04;AVBL;1
DB05;AVBL;1
DB06;AVBL;2
DB07;AVBL;2
DVA;AVBL;1
RIBL;AVBL;1
RIBR;AVBL;1
RID;AVBL;1
SDQR;AVBL;1
SIBVL;AVBL;1
VB01;AVBL;1
VB02;AVBL;3
VB04;AVBL;1
VB05;AVBL;1
VB06;AVBL;1
VB07;AVBL;2
VB08;AVBL;7
VB09;AVBL;1
VB10;AVBL;2
VB11;AVBL;2
AVBR;AVBL;1
AVBR;AVBL;1
AVDL;AVBL;1
AVDR;AVBL;2
AVDR;AVBL;1
AVEL;AVBL;1
AVER;AVBL;2
AVFL;AVBL;1
AVFR;AVBL;1
AVG;AVBL;1
AVG;AVBL;1
AVHL;AVBL;1
AVHR;AVBL;2
AVJL;AVBL;1
AVJR;AVBL;1
AVJR;AVBL;2
AVKL;AVBL;1
AVL;AVBL;1
AVM;AVBL;6
AWBL;AVBL;1
DVA;AVBL;1
DVC;AVBL;1
FLPL;AVBL;1
FLPL;AVBL;3
FLPR;AVBL;5
PVCL;AVBL;5
PVCR;AVBL;2
PVCR;AVBL;6
PVNR;AVBL;1
PVNR;AVBL;1
PVPL;AVBL;2
PVPL;AVBL;3
PVPR;AVBL;4
PVQR;AVBL;1
PVR;AVBL;4
RIFL;AVBL;10
RIFR;AVBL;1
RIML;AVBL;2
RIMR;AVBL;2
SDQR;AVBL;2
SDQR;AVBL;4
URBL;AVBL;1
URXL;AVBL;1
URXR;AVBL;1
VA02;AVBL;1
VA07;AVBL;1
VA10;AVBL;1
VB02;AVBL;1
VC03;AVBL;1
VC04;AVBL;1
ADAL;AVBR;2
ADAL;AVBR;5
ADAR;AVBR;5
ADLR;AVBR;2
AIBR;AVBR;3
AIML;AVBR;2
AQR;AVBR;4
AS01;AVBR;1
AS03;AVBR;1
AS04;AVBR;1
AS05;AVBR;1
AS06;AVBR;1
AS07;AVBR;1
AS10;AVBR;1
ASHR;AVBR;3
AVAL;AVBR;5
AVAL;AVBR;1
AVAL;AVBR;1
AVAR;AVBR;5
AVAR;AVBR;2
AVBL;AVBR;1
AVBL;AVBR;1
AS06;AVBR;1
AS07;AVBR;2
AVBL;AVBR;3
DB01;AVBR;3
DB02;AVBR;1
DB03;AVBR;1
DB04;AVBR;1
DB05;AVBR;1
DB06;AVBR;1
DB07;AVBR;1
DD01;AVBR;1
DVA;AVBR;1
PVNL;AVBR;2
RIBL;AVBR;1
RIBR;AVBR;1
RID;AVBR;2
SIBVL;AVBR;1
VA08;AVBR;1
VA09;AVBR;1
VB02;AVBR;1
VB03;AVBR;1
VB04;AVBR;1
VB06;AVBR;2
VB07;AVBR;2
VB08;AVBR;3
VB09;AVBR;6
VB10;AVBR;1
VB11;AVBR;1
VD10;AVBR;1
AVFL;AVBR;2
AVFR;AVBR;3
AVFR;AVBR;2
AVG;AVBR;2
AVHL;AVBR;1
AVHR;AVBR;1
AVJL;AVBR;4
AVJR;AVBR;1
AVM;AVBR;2
AVM;AVBR;4
AWBR;AVBR;2
DA05;AVBR;1
FLPL;AVBR;1
FLPL;AVBR;4
FLPR;AVBR;1
HSNR;AVBR;1
PVCL;AVBR;1
PVCL;AVBR;11
PVCR;AVBR;6
PVNL;AVBR;1
PVNR;AVBR;2
PVPL;AVBR;6
PVPR;AVBR;5
PVR;AVBR;4
RIBL;AVBR;1
RIFL;AVBR;1
RIFR;AVBR;3
RIFR;AVBR;14
RIML;AVBR;3
RIMR;AVBR;1
RIMR;AVBR;4
RMGL;AVBR;2
RMGR;AVBR;1
SDQR;AVBR;4
URBR;AVBR;1
URXR;AVBR;2
URYVL;AVBR;1
VA04;AVBR;1
VA09;AVBR;1
VD03;AVBR;1
ADAL;AVDL;1
ADLL;AVDL;1
ADLR;AVDL;1
ADLR;AVDL;4
AIML;AVDL;1
AQR;AVDL;1
AS01;AVDL;1
AS04;AVDL;1
AS05;AVDL;1
AS10;AVDL;1
AS11;AVDL;2
ASHL;AVDL;2
ASHR;AVDL;1
ASHR;AVDL;4
AVAL;AVDL;1
AVAL;AVDL;12
AVAL;AVDL;1
AVAR;AVDL;2
AVAR;AVDL;17
AVAR;AVDL;1
AVBL;AVDL;1
ADAR;AVDL;2
AVM;AVDL;2
FLPL;AVDL;1
FLPR;AVDL;1
AVDR;AVDL;2
AVHL;AVDL;1
AVJL;AVDL;1
AVJR;AVDL;1
DA01;AVDL;1
DA02;AVDL;1
DA03;AVDL;4
DA04;AVDL;1
DA04;AVDL;1
DA05;AVDL;1
DA08;AVDL;1
FLPL;AVDL;6
FLPR;AVDL;2
FLPR;AVDL;8
LUAL;AVDL;1
LUAL;AVDL;4
LUAR;AVDL;1
PHBL;AVDL;1
PHBR;AVDL;1
PLMR;AVDL;1
PQR;AVDL;7
PVCL;AVDL;1
PVCL;AVDL;5
PVCR;AVDL;5
PVNL;AVDL;3
RMGR;AVDL;1
SABD;AVDL;1
SABD;AVDL;1
SABVL;AVDL;1
SABVR;AVDL;1
VA04;AVDL;1
VA05;AVDL;1
VA05;AVDL;1
ADER;AVDR;2
ADLL;AVDR;4
ADLR;AVDR;2
AIML;AVDR;1
AIMR;AVDR;1
ALML;AVDR;1
AQR;AVDR;1
AS05;AVDR;1
AS10;AVDR;1
ASHL;AVDR;2
ASHL;AVDR;2
ASHR;AVDR;1
AUAL;AVDR;1
AVAL;AVDR;3
AVAL;AVDR;13
AVAR;AVDR;1
AVAR;AVDR;14
AVAR;AVDR;2
AVBL;AVDR;1
AVBL;AVDR;2
AVDL;AVDR;2
ADAL;AVDR;2
ADLL;AVDR;1
AVJL;AVDR;2
FLPR;AVDR;1
AVER;AVDR;1
AVG;AVDR;1
AVHR;AVDR;1
AVJR;AVDR;1
AVJR;AVDR;2
DA01;AVDR;2
DA02;AVDR;1
DA03;AVDR;1
DA03;AVDR;1
DA04;AVDR;1
DA04;AVDR;1
DA05;AVDR;2
DA08;AVDR;1
DA09;AVDR;1
DB04;AVDR;1
DVC;AVDR;1
FLPL;AVDR;13
FLPR;AVDR;1
HSNL;AVDR;2
HSNR;AVDR;1
LUAL;AVDR;2
LUAL;AVDR;2
LUAR;AVDR;3
PHAL;AVDR;1
PHBR;AVDR;1
PLMR;AVDR;4
PQR;AVDR;1
PQR;AVDR;6
PVCL;AVDR;2
PVCR;AVDR;1
PVNL;AVDR;3
PVNR;AVDR;1
PVPL;AVDR;2
PVWR;AVDR;1
RIBL;AVDR;1
SABD;AVDR;1
SABVL;AVDR;3
SABVR;AVDR;1
VA02;AVDR;1
VA03;AVDR;2
VA06;AVDR;1
VA11;AVDR;1
ADAL;AVEL;1
ADAR;AVEL;1
ADEL;AVEL;1
AIBR;AVEL;1
AIZR;AVEL;4
ALA;AVEL;2
ALML;AVEL;1
AS01;AVEL;1
AUAL;AVEL;3
AVAL;AVEL;2
AVAL;AVEL;10
AVAR;AVEL;4
AVAR;AVEL;3
AVAR;AVEL;2
AVBL;AVEL;1
AVER;AVEL;1
RIML;AVEL;2
RIMR;AVEL;3
RMDVR;AVEL;1
RMEV;AVEL;1
AVG;AVEL;1
AVJL;AVEL;1
AVKL;AVEL;2
AVL;AVEL;1
BAGL;AVEL;1
BAGR;AVEL;2
BAGR;AVEL;2
CEPDR;AVEL;6
CEPVR;AVEL;1
CEPVR;AVEL;4
DA01;AVEL;5
DA02;AVEL;1
DA03;AVEL;1
DA03;AVEL;2
DA04;AVEL;1
DVA;AVEL;3
DVA;AVEL;6
FLPR;AVEL;4
IL1R;AVEL;1
IL2L;AVEL;1
OLLR;AVEL;1
OLLR;AVEL;15
PVCL;AVEL;2
PVCR;AVEL;1
PVCR;AVEL;1
PVNL;AVEL;1
PVNR;AVEL;2
PVNR;AVEL;1
PVT;AVEL;1
RIBL;AVEL;1
RIBL;AVEL;1
RIBR;AVEL;2
RIBR;AVEL;1
RIGL;AVEL;1
RIGL;AVEL;1
RIS;AVEL;7
RMGL;AVEL;2
SABD;AVEL;6
SABVL;AVEL;7
SABVR;AVEL;3
SDQL;AVEL;1
URXL;AVEL;3
URXL;AVEL;1
URYDR;AVEL;2
URYVR;AVEL;6
VA01;AVEL;5
VA03;AVEL;1
VA03;AVEL;2
VD02;AVEL;1
VD03;AVEL;1
ADER;AVER;1
AIML;AVER;1
AIZL;AVER;5
AIZR;AVER;1
AIZR;AVER;1
ALA;AVER;1
ALA;AVER;1
AS01;AVER;1
AS01;AVER;2
AS02;AVER;2
AS03;AVER;1
ASHR;AVER;3
AUAR;AVER;1
AUAR;AVER;3
AVAL;AVER;2
AVAL;AVER;5
AVAR;AVER;16
AVAR;AVER;2
AVBL;AVER;2
AVDR;AVER;1
AVEL;AVER;1
RIML;AVER;3
RIMR;AVER;2
RMDVL;AVER;1
RMDVR;AVER;1
RMEV;AVER;1
AVG;AVER;1
AVJR;AVER;1
AVJR;AVER;2
AVKL;AVER;1
BAGL;AVER;1
BAGL;AVER;3
CEPDL;AVER;1
CEPDL;AVER;4
CEPVL;AVER;1
CEPVL;AVER;2
DA01;AVER;5
DA02;AVER;1
DA02;AVER;2
DA03;AVER;1
DB03;AVER;1
DVA;AVER;2
DVA;AVER;3
FLPR;AVER;2
IL1L;AVER;2
IL1R;AVER;1
OLLL;AVER;3
OLLL;AVER;18
PVCL;AVER;1
PVCR;AVER;1
PVPL;AVER;1
RIBL;AVER;3
RIBL;AVER;2
RIBR;AVER;1
RIBR;AVER;1
RIGL;AVER;1
RIGR;AVER;2
RIS;AVER;7
RMGR;AVER;3
SABD;AVER;2
SABVL;AVER;3
SABVR;AVER;3
URXR;AVER;2
URYDL;AVER;2
URYDR;AVER;2
URYVL;AVER;5
VA01;AVER;1
VA02;AVER;1
VA03;AVER;2
VA04;AVER;1
VA05;AVER;1
AIML;AVFL;1
AIML;AVFL;3
AIMR;AVFL;1
AIMR;AVFL;1
AVBL;AVFL;1
AVBR;AVFL;2
AVFR;AVFL;23
AVHL;AVFL;2
AVHR;AVFL;3
PVQR;AVFL;1
AVFR;AVFL;1
AVFR;AVFL;6
AVFR;AVFL;1
AVG;AVFL;1
AVG;AVFL;1
AVG;AVFL;1
AVHL;AVFL;2
AVHL;AVFL;1
AVHR;AVFL;3
AVHR;AVFL;1
AVHR;AVFL;2
AVJL;AVFL;1
AVJR;AVFL;1
AVL;AVFL;1
HSNL;AVFL;1
HSNL;AVFL;1
HSNL;AVFL;5
HSNR;AVFL;1
HSNR;AVFL;1
PDER;AVFL;1
PHAL;AVFL;3
PHBR;AVFL;1
PVNL;AVFL;2
PVQL;AVFL;1
PVQR;AVFL;1
RIFR;AVFL;1
VB01;AVFL;1
VB01;AVFL;0
VC05;AVFL;1
AIML;AVFR;1
AIMR;AVFR;1
AIMR;AVFR;1
ASJL;AVFR;1
ASKL;AVFR;1
AVBL;AVFR;1
AVBR;AVFR;3
AVBR;AVFR;2
avfl;avfr;1
AVFL;AVFR;1
AVFL;AVFR;6
AVFL;AVFR;23
AVHL;AVFR;2
AVHR;AVFR;1
VC04;AVFR;1
AVHL;AVFR;2
AVHL;AVFR;3
AVHR;AVFR;1
AVHR;AVFR;1
AVJL;AVFR;2
AVJL;AVFR;1
AVJR;AVFR;1
AVL;AVFR;1
HSNR;AVFR;1
PVNL;AVFR;1
PVQL;AVFR;1
PVQR;AVFR;1
VC05;AVFR;1
VD11;AVFR;1
AVAR;AVG;1
AVAR;AVG;2
AVBL;AVG;1
AVBL;AVG;1
AVBR;AVG;2
AVDR;AVG;1
AVEL;AVG;1
AVER;AVG;1
AVFL;AVG;1
AVFL;AVG;1
AVFL;AVG;1
RIFL;AVG;1
RIFR;AVG;1
AVJL;AVG;1
AVL;AVG;1
DA08;AVG;1
PHAL;AVG;2
PHAL;AVG;1
PHAL;AVG;4
PHAR;AVG;1
PHAR;AVG;2
PQR;AVG;1
PVCL;AVG;1
PVNL;AVG;1
PVNR;AVG;1
PVNR;AVG;1
PVPR;AVG;1
PVQR;AVG;1
PVT;AVG;1
VA11;AVG;1
ADFR;AVHL;3
AIML;AVHL;2
AVAL;AVHL;1
AVBL;AVHL;1
AVBR;AVHL;1
AVDL;AVHL;1
AVFL;AVHL;1
AVFL;AVHL;2
AVFR;AVHL;3
AVFR;AVHL;2
AVFL;AVHL;2
AVFR;AVHL;2
AVHR;AVHL;1
PHBR;AVHL;1
AVHR;AVHL;1
AVHR;AVHL;1
AVJL;AVHL;2
AVJL;AVHL;1
AVJL;AVHL;2
AWBR;AVHL;1
BDUL;AVHL;1
BDUR;AVHL;1
PHAL;AVHL;1
PVPR;AVHL;2
PVPR;AVHL;3
PVQL;AVHL;1
PVQR;AVHL;2
RIFR;AVHL;1
RIMR;AVHL;1
RIR;AVHL;3
SMBDR;AVHL;1
SMBVR;AVHL;2
VD01;AVHL;1
ADLL;AVHR;1
ADLR;AVHR;2
AIML;AVHR;1
AQR;AVHR;2
AVBL;AVHR;2
AVBR;AVHR;1
AVDR;AVHR;1
AVFL;AVHR;2
AVFL;AVHR;3
AVFL;AVHR;1
AVFR;AVHR;1
AVFR;AVHR;1
AVHL;AVHR;1
AVHL;AVHR;1
AVFL;AVHR;3
AVFR;AVHR;1
AVHL;AVHR;1
AVJR;AVHR;4
PHAL;AVHR;1
PHAR;AVHR;1
PHCR;AVHR;1
PVNL;AVHR;1
PVPL;AVHR;3
PVPL;AVHR;1
RIFL;AVHR;1
RIGL;AVHR;1
RIR;AVHR;1
RIR;AVHR;3
SMBDL;AVHR;1
SMBVL;AVHR;1
VC04;AVHR;1
ADAR;AVJL;1
ADAR;AVJL;2
ADLL;AVJL;1
AIML;AVJL;1
AQR;AVJL;1
AVAR;AVJL;1
AVBL;AVJL;1
AVBR;AVJL;4
AVDL;AVJL;1
AVEL;AVJL;1
AVFL;AVJL;1
AVFR;AVJL;1
AVFR;AVJL;1
AVFR;AVJL;1
AVG;AVJL;1
AVHL;AVJL;2
AVHL;AVJL;2
AVHL;AVJL;1
AVAL;AVJL;2
AVDR;AVJL;2
AVJR;AVJL;4
PVCL;AVJL;1
PVCR;AVJL;3
RIS;AVJL;1
AVJR;AVJL;1
BDUR;AVJL;2
HSNL;AVJL;1
HSNL;AVJL;1
HSNR;AVJL;1
HSNR;AVJL;1
LUAL;AVJL;1
PLMR;AVJL;2
PVCL;AVJL;1
PVCL;AVJL;1
PVCL;AVJL;2
PVCR;AVJL;2
PVNL;AVJL;5
PVNR;AVJL;1
PVNR;AVJL;4
PVR;AVJL;1
PVR;AVJL;2
PVWL;AVJL;1
RIFR;AVJL;1
RIFR;AVJL;1
RIMR;AVJL;1
RIS;AVJL;1
RMGR;AVJL;1
ADAL;AVJR;5
ADER;AVJR;1
ADLL;AVJR;3
ADLR;AVJR;1
ADLR;AVJR;1
AVAL;AVJR;1
AVAR;AVJR;1
AVBL;AVJR;1
AVBL;AVJR;2
AVBR;AVJR;1
AVDL;AVJR;1
AVDR;AVJR;1
AVDR;AVJR;2
AVER;AVJR;1
AVER;AVJR;2
AVFL;AVJR;1
AVFR;AVJR;1
AVHR;AVJR;4
AVJL;AVJR;1
AVJL;AVJR;4
PVCL;AVJR;1
AVM;AVJR;1
BDUL;AVJR;1
FLPR;AVJR;1
LUAR;AVJR;1
PVCL;AVJR;2
PVCL;AVJR;1
PVCR;AVJR;1
PVCR;AVJR;3
PVNL;AVJR;2
PVNL;AVJR;3
PVNR;AVJR;1
PVQR;AVJR;1
PVR;AVJR;2
RIFL;AVJR;2
RIFR;AVJR;2
SABVL;AVJR;1
URXL;AVJR;1
ADER;AVKL;1
ADER;AVKL;1
AVBL;AVKL;1
AVEL;AVKL;2
AVER;AVKL;1
ADER;AVKL;1
AQR;AVKL;2
AVKR;AVKL;2
PVPL;AVKL;1
PVPR;AVKL;1
PVT;AVKL;2
RICL;AVKL;1
RICR;AVKL;1
RIGL;AVKL;1
SMBDL;AVKL;1
SMBDR;AVKL;1
SMBVR;AVKL;1
VB01;AVKL;4
VB10;AVKL;1
AVM;AVKL;1
DVA;AVKL;1
DVC;AVKL;2
PDEL;AVKL;2
PDEL;AVKL;1
PDEL;AVKL;1
PDEL;AVKL;5
PDER;AVKL;1
PDER;AVKL;16
PVM;AVKL;1
PVM;AVKL;7
PVM;AVKL;4
PVR;AVKL;1
PVT;AVKL;2
PVT;AVKL;5
RIGR;AVKL;4
RIML;AVKL;2
RIMR;AVKL;1
RIMR;AVKL;1
RIS;AVKL;1
RMDR;AVKL;1
RMFL;AVKL;4
RMFR;AVKL;1
RMFR;AVKL;3
SAADR;AVKL;1
SIAVR;AVKL;1
SMDDR;AVKL;1
ADER;AVKR;1
ADEL;AVKR;1
AQR;AVKR;1
AVKL;AVKR;2
PVPL;AVKR;6
RICL;AVKR;1
RIGR;AVKR;1
SMBDL;AVKR;1
SMBDR;AVKR;2
SMBVR;AVKR;1
BDUL;AVKR;1
DVC;AVKR;1
PVQL;AVKR;1
PVT;AVKR;7
RICL;AVKR;1
RIGL;AVKR;2
RIGR;AVKR;1
RIML;AVKR;2
RIMR;AVKR;2
RIS;AVKR;4
RMDR;AVKR;1
RMFL;AVKR;1
RMFL;AVKR;4
RMFR;AVKR;3
SAADL;AVKR;1
SMBDL;AVKR;1
SMDDL;AVKR;1
SMDDR;AVKR;2
ADEL;AVL;1
AVBL;AVL;1
AVEL;AVL;1
AVFL;AVL;1
AVFR;AVL;1
AVG;AVL;1
DVB;AVL;1
DVC;AVL;9
PVM;AVL;1
DA02;AVL;1
DD01;AVL;1
DD06;AVL;2
DVB;AVL;2
DVB;AVL;3
HSNR;AVL;1
HSNR;AVL;1
PVCR;AVL;1
PVNL;AVL;2
PVNR;AVL;2
PVPR;AVL;1
PVPR;AVL;1
PVPR;AVL;3
PVQR;AVL;1
PVT;AVL;2
PVWL;AVL;1
RIS;AVL;2
SABD;AVL;5
SABVL;AVL;4
SABVR;AVL;3
VC01;AVL;2
VC03;AVL;1
VD12;AVL;4
ADER;AVM;1
ADER;AVM;1
AVBL;AVM;6
AVBR;AVM;2
AVBR;AVM;4
AVJR;AVM;1
AVKL;AVM;1
ALML;AVM;1
ALMR;AVM;1
AVDL;AVM;2
BDUL;AVM;2
BDUL;AVM;1
BDUR;AVM;2
BDUR;AVM;2
DA01;AVM;1
PVCL;AVM;4
PVCR;AVM;1
PVCR;AVM;4
PVM;AVM;1
PVNL;AVM;1
PVR;AVM;3
RID;AVM;1
SIBVL;AVM;1
VA01;AVM;2
ADAL;AWAL;1
AFDL;AWAL;1
AFDL;AWAL;4
AIYL;AWAL;1
AIYL;AWAL;3
AIZL;AWAL;3
AIZL;AWAL;7
ASEL;AWAL;4
ASGL;AWAL;1
AIAL;AWAL;1
AWAR;AWAL;1
AWBL;AWAL;1
ADFR;AWAR;3
AFDR;AWAR;1
AFDR;AWAR;6
AIAR;AWAR;1
AIYR;AWAR;2
AIYR;AWAR;1
AIZR;AWAR;2
AIZR;AWAR;5
ASEL;AWAR;1
ASER;AWAR;2
ASER;AWAR;1
ASKR;AWAR;1
AUAR;AWAR;1
AIAR;AWAR;1
AIZR;AWAR;1
AWAL;AWAR;1
AWBR;AWAR;1
PVQR;AWAR;2
RIFR;AWAR;2
RIGR;AWAR;1
RIR;AWAR;2
ADFL;AWBL;1
ADFL;AWBL;8
ADLL;AWBL;2
AIBR;AWBL;1
AIZL;AWBL;3
AIZL;AWBL;6
AVBL;AWBL;1
AWAL;AWBL;1
AUAL;AWBL;1
AWBR;AWBL;1
RMGL;AWBL;1
HSNL;AWBL;1
HSNL;AWBL;1
HSNR;AWBL;1
RIAL;AWBL;1
RIAL;AWBL;2
SMBDL;AWBL;1
ADFR;AWBR;1
ADFR;AWBR;3
ADFR;AWBR;1
AIZR;AWBR;1
AIZR;AWBR;3
ASGR;AWBR;1
ASHR;AWBR;2
AVBR;AWBR;2
AVHL;AWBR;1
AWAR;AWBR;1
AUAR;AWBR;1
AWBL;AWBR;1
RICL;AWBR;1
RMGR;AWBR;1
HSNL;AWBR;2
RIAR;AWBR;1
RIR;AWBR;2
RIR;AWBR;1
SMBVR;AWBR;1
AIAL;AWCL;2
AIAR;AWCL;3
AIAR;AWCL;1
AIAR;AWCL;1
AIBL;AWCL;1
AIBL;AWCL;1
AIBR;AWCL;1
AIYL;AWCL;7
AIYL;AWCL;3
AIYL;AWCL;1
ASEL;AWCL;1
ASEL;AWCL;4
ASER;AWCL;1
ASIL;AWCL;1
ASIL;AWCL;1
ASIR;AWCL;1
AVAL;AWCL;1
AWCR;AWCL;1
AWCR;AWCL;1
AWCR;AWCL;4
RIAL;AWCL;2
RIAL;AWCL;1
ADLR;AWCR;3
AIAL;AWCR;1
AIAR;AWCR;1
AIAR;AWCR;1
AIAR;AWCR;1
AIAR;AWCR;2
AIBR;AWCR;4
AIYL;AWCR;1
AIYL;AWCR;3
AIYL;AWCR;1
AIYR;AWCR;3
AIYR;AWCR;6
ASEL;AWCR;1
ASEL;AWCR;1
ASER;AWCR;1
ASGR;AWCR;1
ASIL;AWCR;1
ASIL;AWCR;1
ASIR;AWCR;1
ASIR;AWCR;1
AWCL;AWCR;1
AWCL;AWCR;4
AWCL;AWCR;1
AIBL;BAGL;1
AINL;BAGL;3
AQR;BAGL;2
AVAR;BAGL;1
AVAR;BAGL;1
AVEL;BAGL;1
AVER;BAGL;1
AVER;BAGL;3
BAGR;BAGL;1
RIGR;BAGL;1
RIR;BAGL;1
BAGR;BAGL;1
RIAR;BAGL;2
RIAR;BAGL;3
RIBL;BAGL;1
RIBR;BAGL;1
RIBR;BAGL;6
RIBR;BAGL;1
RIBR;BAGL;1
RIGL;BAGL;1
RIGR;BAGL;3
RIGR;BAGL;1
AINR;BAGR;3
AIYL;BAGR;1
AQR;BAGR;2
AVAL;BAGR;1
AVAL;BAGR;1
AVEL;BAGR;2
AVEL;BAGR;2
BAGL;BAGR;1
BAGL;BAGR;1
RIGL;BAGR;1
RIR;BAGR;1
IL2VL;BAGR;1
RIAL;BAGR;2
RIAL;BAGR;3
RIBL;BAGR;1
RIBL;BAGR;3
RIBL;BAGR;1
RIGL;BAGR;2
RIGL;BAGR;3
RIGL;BAGR;1
RIH;BAGR;1
RIR;BAGR;1
ADEL;BDUL;3
ADEL;BDUL;1
ALML;BDUL;5
ALML;BDUL;1
AVHL;BDUL;1
AVJR;BDUL;1
AVKR;BDUL;1
AVM;BDUL;2
AVM;BDUL;1
HSNL;BDUL;1
PVNL;BDUL;2
PVNL;BDUL;1
PVNL;BDUL;1
PVNR;BDUL;2
PVNR;BDUL;1
SAADL;BDUL;1
URADL;BDUL;1
ADER;BDUR;1
ALMR;BDUR;1
ALMR;BDUR;5
AVAL;BDUR;3
AVHL;BDUR;1
AVJL;BDUR;2
AVM;BDUR;2
AVM;BDUR;2
CEPDR;BDUR;1
HSNR;BDUR;1
HSNR;BDUR;3
HSNR;BDUR;1
PVCL;BDUR;1
PVCL;BDUR;1
PVNL;BDUR;2
PVNL;BDUR;2
PVNL;BDUR;2
PVNR;BDUR;1
PVNR;BDUR;2
PVNR;BDUR;2
SDQL;BDUR;1
URADR;BDUR;1
ADEL;CEPDL;1
ALML;CEPDL;3
AVER;CEPDL;1
AVER;CEPDL;4
OLQDL;CEPDL;1
RIH;CEPDL;1
IL1DL;CEPDL;4
OLLL;CEPDL;2
OLLL;CEPDL;3
OLQDL;CEPDL;6
RIBL;CEPDL;2
RICL;CEPDL;1
RICL;CEPDL;1
RICR;CEPDL;2
RICR;CEPDL;2
RIH;CEPDL;1
RIPL;CEPDL;2
RIS;CEPDL;1
RMDVL;CEPDL;1
RMDVL;CEPDL;2
RMGL;CEPDL;1
RMGL;CEPDL;3
RMGL;CEPDL;1
RMHR;CEPDL;1
RMHR;CEPDL;3
SIADR;CEPDL;1
SIADR;CEPDL;1
SMBDR;CEPDL;1
URADL;CEPDL;2
URBL;CEPDL;4
URBL;CEPDL;1
URYDL;CEPDL;2
ADER;CEPDR;1
ALMR;CEPDR;1
AVEL;CEPDR;6
BDUR;CEPDR;1
OLQDR;CEPDR;2
RIH;CEPDR;1
IL1DR;CEPDR;5
IL1R;CEPDR;1
IL2DR;CEPDR;1
OLLR;CEPDR;1
OLLR;CEPDR;7
OLLR;CEPDR;1
OLLR;CEPDR;1
OLQDR;CEPDR;5
RIBR;CEPDR;1
RICL;CEPDR;4
RICR;CEPDR;3
RIH;CEPDR;1
RIS;CEPDR;1
RIS;CEPDR;1
RMDDL;CEPDR;1
RMDVR;CEPDR;2
RMGR;CEPDR;1
RMHL;CEPDR;4
RMHR;CEPDR;1
SIADL;CEPDR;1
SMBDR;CEPDR;1
URADR;CEPDR;1
URBR;CEPDR;2
URBR;CEPDR;1
URYDR;CEPDR;1
ADLL;CEPVL;1
ALML;CEPVL;2
AVER;CEPVL;1
AVER;CEPVL;2
OLQVL;CEPVL;1
RIH;CEPVL;1
IL1VL;CEPVL;2
OLLL;CEPVL;4
OLLL;CEPVL;4
OLQVL;CEPVL;6
RIAL;CEPVL;1
RICL;CEPVL;1
RICL;CEPVL;6
RICR;CEPVL;4
RIH;CEPVL;1
RIPL;CEPVL;1
RIS;CEPVL;2
RMDDL;CEPVL;4
RMHL;CEPVL;1
SIAVL;CEPVL;1
SIAVL;CEPVL;1
URAVL;CEPVL;2
ALMR;CEPVR;1
ASGR;CEPVR;1
ASKR;CEPVR;1
AVEL;CEPVR;1
AVEL;CEPVR;4
OLQVR;CEPVR;1
RIH;CEPVR;1
IL1VR;CEPVR;1
IL1VR;CEPVR;1
IL2VR;CEPVR;2
OLLR;CEPVR;1
OLLR;CEPVR;6
OLLR;CEPVR;6
OLQVR;CEPVR;3
RIAR;CEPVR;1
RICL;CEPVR;2
RICR;CEPVR;2
RICR;CEPVR;2
RIH;CEPVR;1
RIH;CEPVR;1
RIPR;CEPVR;1
RIS;CEPVR;1
RIVL;CEPVR;1
RMDDR;CEPVR;2
RMHR;CEPVR;2
SIAVR;CEPVR;2
URAVR;CEPVR;1
AS01;DA01;2
AVAL;DA01;2
AVAR;DA01;2
AVDL;DA01;1
AVDR;DA01;2
AVEL;DA01;5
AVER;DA01;5
AVM;DA01;1
AVAL;DA01;2
AVAR;DA01;6
DA04;DA01;1
SABVL;DA01;2
SABVR;DA01;3
DD01;DA01;2
DD01;DA01;2
VD01;DA01;3
VD01;DA01;14
VD02;DA01;1
AVAL;DA02;2
AVAR;DA02;2
AVDL;DA02;1
AVDR;DA02;1
AVEL;DA02;1
AVER;DA02;1
AVER;DA02;2
AVL;DA02;1
AS02;DA02;1
AS03;DA02;1
AVAL;DA02;2
AVAR;DA02;2
SABVL;DA02;1
VA01;DA02;2
DD01;DA02;1
DD01;DA02;2
PVCL;DA02;1
VD01;DA02;2
VD02;DA02;2
VD02;DA02;9
VD03;DA02;3
VD03;DA02;2
AS03;DA03;1
AS04;DA03;1
AVAL;DA03;6
AVAR;DA03;3
AVDL;DA03;4
AVDR;DA03;1
AVDR;DA03;1
AVEL;DA03;1
AVEL;DA03;2
AVER;DA03;1
AS04;DA03;1
AVAR;DA03;2
DA04;DA03;1
DA04;DA03;1
DA04;DA03;1
DB02;DA03;5
DB03;DA03;1
DD02;DA03;1
DD02;DA03;1
VD03;DA03;1
VD03;DA03;24
VD04;DA03;6
AVAL;DA04;7
AVAR;DA04;6
AVDL;DA04;1
AVDL;DA04;1
AVDR;DA04;1
AVDR;DA04;1
AVEL;DA04;1
DA03;DA04;1
DA03;DA04;2
AVAL;DA04;3
AVAR;DA04;2
DA01;DA04;1
DB03;DA04;1
VB06;DA04;1
DB03;DA04;1
DD02;DA04;1
VD04;DA04;12
VD05;DA04;2
VD05;DA04;13
AVAL;DA05;7
AVAR;DA05;2
AVBR;DA05;1
AVDL;DA05;1
AVDR;DA05;2
AS06;DA05;2
AVAL;DA05;1
AVAR;DA05;5
VA04;DA05;1
VA05;DA05;2
DB04;DA05;1
HSNR;DA05;1
PVCL;DA05;1
VD05;DA05;1
VD06;DA05;4
VD06;DA05;12
AVAL;DA06;11
AVAR;DA06;11
AVAL;DA06;10
AVAR;DA06;2
HSNR;DA06;1
PVCL;DA06;1
RID;DA06;1
RID;DA06;2
VD04;DA06;2
VD04;DA06;2
VD05;DA06;2
VD05;DA06;1
VD06;DA06;3
AVAL;DA07;2
AVAR;DA07;3
AVAL;DA07;2
AVAL;DA08;4
AVAR;DA08;1
AVAR;DA08;7
AVDL;DA08;1
AVDR;DA08;1
AVG;DA08;1
AVAR;DA08;1
DA09;DA08;1
DVB;DA08;2
DVB;DA08;2
PHAR;DA08;1
PHBR;DA08;1
VA12;DA08;3
AVAL;DA09;2
AVAL;DA09;1
AVAR;DA09;2
AVDR;DA09;1
DA08;DA09;1
PDA;DA09;1
PHCL;DA09;1
RID;DA09;1
DD06;DA09;1
PDA;DA09;1
PHCL;DA09;7
PHCR;DA09;2
PVCR;DA09;1
PVR;DA09;1
VA12;DA09;5
VD13;DA09;1
AS01;DB01;1
AS02;DB01;1
AS02;DB01;1
AS03;DB01;1
AIBR;DB01;1
AVBR;DB01;3
DB02;DB01;1
DB04;DB01;1
DVA;DB01;1
RID;DB01;1
RIS;DB01;1
VB03;DB01;1
VB04;DB01;1
DD01;DB01;4
DD01;DB01;6
VD01;DB01;11
VD01;DB01;10
VD02;DB01;7
VD02;DB01;8
VD03;DB01;1
DA03;DB02;5
AVBR;DB02;1
DB01;DB02;1
DB03;DB02;6
VB01;DB02;2
DD02;DB02;1
DD02;DB02;1
DVA;DB02;1
PVCL;DB02;3
PVCR;DB02;1
PVR;DB02;1
VD03;DB02;7
VD03;DB02;16
VD04;DB02;6
VD04;DB02;8
VD05;DB02;1
AS04;DB03;1
AS05;DB03;1
AVAR;DB03;1
AVER;DB03;1
DA03;DB03;1
DA04;DB03;1
AVBL;DB03;1
AVBR;DB03;1
DA04;DB03;1
DB02;DB03;6
DB04;DB03;1
DD02;DB03;4
DD03;DB03;10
DVA;DB03;2
PVCL;DB03;4
PVCR;DB03;3
PVR;DB03;1
VD04;DB03;9
VD05;DB03;3
VD05;DB03;23
VD06;DB03;1
VD06;DB03;6
AVDR;DB04;1
DA05;DB04;1
AVBL;DB04;1
AVBR;DB04;1
DB01;DB04;1
DB03;DB04;1
VB02;DB04;1
VB04;DB04;1
DD03;DB04;3
DVA;DB04;1
PVCL;DB04;3
PVCR;DB04;4
VC02;DB04;1
VD06;DB04;7
VD06;DB04;6
AVAL;DB05;2
AVAR;DB05;1
AVAR;DB05;2
AVBL;DB05;1
AVBR;DB05;1
DVA;DB05;1
PVCL;DB05;2
PVCR;DB05;1
AVAL;DB06;1
AVAR;DB06;5
AVAL;DB06;3
AVBL;DB06;2
AVBR;DB06;1
DVA;DB06;2
PVCL;DB06;2
PVCR;DB06;2
AVBL;DB07;2
AVBR;DB07;1
DVA;DB07;1
DVA;DB07;1
PVCL;DB07;1
PVCL;DB07;2
PVCR;DB07;1
VA12;DB07;4
VD13;DB07;2
AS02;DD01;1
AS03;DD01;1
AVL;DD01;1
DA01;DD01;4
DA02;DD01;2
DA02;DD01;1
DB01;DD01;10
AVBR;DD01;1
DD02;DD01;1
VD01;DD01;4
VD02;DD01;2
PVNL;DD01;2
PVQR;DD01;1
RID;DD01;3
RID;DD01;1
VA01;DD01;9
VA02;DD01;13
VA03;DD01;18
VB01;DD01;1
VB02;DD01;20
VC01;DD01;7
VC02;DD01;6
VC03;DD01;2
VD01;DD01;1
VD02;DD01;1
VD02;DD01;1
AS05;DD02;1
DA03;DD02;1
DA03;DD02;1
DA04;DD02;1
DB02;DD02;2
DB03;DD02;4
DD01;DD02;1
DD03;DD02;2
VD04;DD02;2
PVPR;DD02;1
RID;DD02;3
RID;DD02;1
VA03;DD02;11
VA04;DD02;21
VA05;DD02;5
VB02;DD02;1
VB03;DD02;37
VB04;DD02;6
VC01;DD02;6
VC02;DD02;4
VC03;DD02;4
VD03;DD02;1
VD04;DD02;1
DB03;DD03;10
DB04;DD03;3
DD02;DD03;2
DD04;DD03;1
PVNR;DD03;1
RID;DD03;1
RID;DD03;2
VA05;DD03;13
VA06;DD03;24
VA07;DD03;3
VB04;DD03;16
VB05;DD03;27
VC01;DD03;6
VC02;DD03;9
VC03;DD03;5
DD03;DD04;1
VC03;DD04;1
VD08;DD04;1
VA07;DD04;12
VA08;DD04;21
VA09;DD04;3
VB06;DD04;30
VB07;DD04;2
VC03;DD04;12
VD08;DD04;1
VD10;DD05;1
PVDL;DD05;1
VA09;DD05;15
VB08;DD05;1
VB08;DD05;30
VB09;DD05;8
VD09;DD05;1
VD10;DD05;1
AVL;DD06;2
DA09;DD06;1
DVB;DD06;3
PDA;DD06;1
VA11;DD06;10
VA12;DD06;2
VB10;DD06;9
VB11;DD06;7
AIZL;DVA;3
AIZL;DVA;1
AIZR;DVA;1
AIZR;DVA;1
AQR;DVA;1
AQR;DVA;3
AUAL;DVA;1
AUAR;DVA;1
AVAL;DVA;3
AVAR;DVA;1
AVBL;DVA;1
AVEL;DVA;3
AVEL;DVA;6
AVER;DVA;2
AVER;DVA;3
AVKL;DVA;1
DB02;DVA;1
DB03;DVA;2
DB04;DVA;1
DB05;DVA;1
DB06;DVA;2
DB07;DVA;1
DB07;DVA;1
AVBL;DVA;1
AVBR;DVA;1
DB01;DVA;1
PVCL;DVA;1
PVR;DVA;2
FLPL;DVA;1
FLPR;DVA;1
PDEL;DVA;1
PDEL;DVA;2
PDEL;DVA;16
PDEL;DVA;8
PDER;DVA;19
PDER;DVA;16
PHAL;DVA;2
PHAR;DVA;1
PHAR;DVA;1
PHCL;DVA;4
PHCL;DVA;2
PHCR;DVA;3
PHCR;DVA;5
PLMR;DVA;5
PVCL;DVA;3
PVCL;DVA;4
PVCR;DVA;1
PVDR;DVA;2
PVDR;DVA;1
PVM;DVA;2
PVM;DVA;1
PVR;DVA;1
PVR;DVA;2
PVR;DVA;1
RIAL;DVA;1
RIAR;DVA;1
RIAR;DVA;1
RIMR;DVA;1
RIR;DVA;3
RIR;DVA;2
SAADR;DVA;1
SAAVL;DVA;1
SAAVR;DVA;1
SABD;DVA;1
SDQR;DVA;3
SMBDL;DVA;3
SMBDR;DVA;2
SMBVL;DVA;3
SMBVR;DVA;2
VA02;DVA;1
VA12;DVA;1
VB01;DVA;1
VB01;DVA;1
VB11;DVA;2
AVL;DVB;2
AVL;DVB;3
DA08;DVB;2
DA08;DVB;2
DD06;DVB;3
AS09;DVB;7
AVL;DVB;1
VA09;DVB;1
VB09;DVB;1
DVC;DVB;3
PDA;DVB;1
PHCL;DVB;1
PVPL;DVB;1
PVPL;DVB;1
AIBL;DVC;1
AIBR;DVC;3
AVAL;DVC;5
AVAR;DVC;7
AVBL;DVC;1
AVDR;DVC;1
AVKL;DVC;2
AVKR;DVC;1
DVB;DVC;3
AIBL;DVC;1
AIBR;DVC;2
AVL;DVC;9
PVPL;DVC;2
PVPR;DVC;13
VA09;DVC;1
VD01;DVC;5
VD10;DVC;4
PVPR;DVC;1
PVPR;DVC;1
PVQR;DVC;1
PVT;DVC;1
PVT;DVC;2
RIBL;DVC;1
RIBR;DVC;1
RIGL;DVC;1
RIGL;DVC;4
RIGL;DVC;1
RIGR;DVC;5
RMFL;DVC;2
RMFR;DVC;4
VC01;DVC;1
VC02;DVC;1
VC03;DVC;1
VC05;DVC;2
ADEL;FLPL;2
ADEL;FLPL;1
ADEL;FLPL;1
ADER;FLPL;2
ADER;FLPL;1
AIBL;FLPL;1
AIBL;FLPL;1
AIBL;FLPL;1
AIBR;FLPL;2
AVAL;FLPL;4
AVAL;FLPL;10
AVAR;FLPL;17
AVBL;FLPL;1
AVBL;FLPL;3
AVBR;FLPL;1
AVBR;FLPL;4
AVDL;FLPL;6
AVDR;FLPL;13
DVA;FLPL;1
AVAL;FLPL;1
AVDL;FLPL;1
FLPR;FLPL;2
RIH;FLPL;1
FLPR;FLPL;1
FLPR;FLPL;2
PVCR;FLPL;1
SDQL;FLPL;1
ADAL;FLPR;1
ADER;FLPR;1
ADER;FLPR;1
ADER;FLPR;1
AIBR;FLPR;1
AVAL;FLPR;2
AVAL;FLPR;10
AVAR;FLPR;5
AVBL;FLPR;5
AVBR;FLPR;1
AVDL;FLPR;2
AVDL;FLPR;8
AVDR;FLPR;1
AVEL;FLPR;4
AVER;FLPR;2
AVJR;FLPR;1
DVA;FLPR;1
FLPL;FLPR;2
FLPL;FLPR;1
AVDL;FLPR;1
AVDR;FLPR;1
FLPL;FLPR;2
PVCL;FLPR;2
VB01;FLPR;1
AIAL;HSNL;1
AIAL;HSNL;1
AIMR;HSNL;1
AIYR;HSNL;1
AIZL;HSNL;2
AIZR;HSNL;1
ASHL;HSNL;1
ASHR;HSNL;2
ASJL;HSNL;1
ASJR;HSNL;1
ASKL;HSNL;1
AVDR;HSNL;2
AVFL;HSNL;1
AVFL;HSNL;5
AVFL;HSNL;1
AVJL;HSNL;1
AVJL;HSNL;1
AWBL;HSNL;1
AWBL;HSNL;1
AWBR;HSNL;2
BDUL;HSNL;1
HSNR;HSNL;1
HSNR;HSNL;3
HSNR;HSNL;1
PLML;HSNL;1
PVQL;HSNL;2
RIFL;HSNL;3
RIML;HSNL;2
RIR;HSNL;1
SABVL;HSNL;2
VC05;HSNL;3
VC05;HSNL;1
AIBL;HSNR;1
AIBR;HSNR;1
AIMR;HSNR;2
AIYL;HSNR;1
AIZL;HSNR;1
AIZR;HSNR;1
AS05;HSNR;1
ASHL;HSNR;2
ASHR;HSNR;1
ASJL;HSNR;1
ASJR;HSNR;1
AVBR;HSNR;1
AVDR;HSNR;1
AVFL;HSNR;1
AVFL;HSNR;1
AVFR;HSNR;1
AVJL;HSNR;1
AVJL;HSNR;1
AVL;HSNR;1
AVL;HSNR;1
AWBL;HSNR;1
BDUR;HSNR;1
BDUR;HSNR;1
BDUR;HSNR;3
DA05;HSNR;1
DA06;HSNR;1
HSNL;HSNR;1
HSNL;HSNR;1
HSNL;HSNR;3
PLMR;HSNR;1
PVNR;HSNR;1
PVNR;HSNR;1
PVNR;HSNR;1
PVNR;HSNR;1
PVQR;HSNR;1
PVQR;HSNR;1
RIFR;HSNR;1
RIFR;HSNR;3
RIFR;HSNR;1
RMGR;HSNR;1
SABD;HSNR;1
SABVR;HSNR;1
VA06;HSNR;1
VC02;HSNR;1
VC02;HSNR;2
VC03;HSNR;1
VC03;HSNR;1
VD04;HSNR;2
CEPDL;IL1DL;4
IL1DR;IL1DL;1
IL1L;IL1DL;1
OLLL;IL1DL;1
RMEV;IL1DL;1
IL1L;IL1DL;1
IL2DL;IL1DL;7
PVR;IL1DL;1
PVR;IL1DL;1
RIH;IL1DL;1
RIPL;IL1DL;2
RMDDR;IL1DL;1
RMDVL;IL1DL;4
URADL;IL1DL;2
URYDL;IL1DL;1
CEPDR;IL1DR;5
IL1DL;IL1DR;1
IL1R;IL1DR;1
OLLR;IL1DR;1
RMEV;IL1DR;1
IL1R;IL1DR;1
IL2DR;IL1DR;7
OLLR;IL1DR;2
PVR;IL1DR;1
RIPR;IL1DR;5
RMDVR;IL1DR;5
URADR;IL1DR;1
ADEL;IL1L;1
AVER;IL1L;2
IL1DL;IL1L;1
IL1DL;IL1L;1
IL1VL;IL1L;1
IL1VL;IL1L;1
IL2L;IL1L;1
RMDDL;IL1L;5
RMDL;IL1L;1
RMDR;IL1L;3
RMDVL;IL1L;4
RMDVR;IL1L;2
RMER;IL1L;1
URBL;IL1L;1
AVEL;IL1R;1
AVER;IL1R;1
CEPDR;IL1R;1
IL1DR;IL1R;1
IL1DR;IL1R;1
IL1VR;IL1R;1
IL1VR;IL1R;1
IL2R;IL1R;1
RIAR;IL1R;1
RMDDL;IL1R;3
RMDDR;IL1R;2
RMDL;IL1R;1
RMDL;IL1R;3
RMDR;IL1R;2
RMDVL;IL1R;1
RMDVR;IL1R;4
RMEL;IL1R;2
RMHL;IL1R;1
URAVR;IL1R;1
URBR;IL1R;3
URXR;IL1R;2
CEPVL;IL1VL;2
IL1L;IL1VL;1
IL1L;IL1VL;1
IL1VR;IL1VL;1
RMED;IL1VL;1
IL2VL;IL1VL;7
OLLL;IL1VL;2
OLQVL;IL1VL;1
OLQVL;IL1VL;1
PVR;IL1VL;1
RIPL;IL1VL;4
RMDDL;IL1VL;5
URYVL;IL1VL;1
URYVL;IL1VL;1
CEPVR;IL1VR;1
CEPVR;IL1VR;1
IL1R;IL1VR;1
IL1R;IL1VR;1
IL1VL;IL1VR;1
IL2R;IL1VR;1
IL2VR;IL1VR;1
IL2VR;IL1VR;6
OLLR;IL1VR;1
OLQVR;IL1VR;1
PVR;IL1VR;1
RIPR;IL1VR;1
RIPR;IL1VR;5
RMDDR;IL1VR;10
RMER;IL1VR;1
URYVR;IL1VR;1
AUAL;IL2DL;1
IL1DL;IL2DL;7
OLQDL;IL2DL;2
RIBL;IL2DL;1
RIPL;IL2DL;10
RMEL;IL2DL;4
RMER;IL2DL;3
URADL;IL2DL;1
URADL;IL2DL;2
CEPDR;IL2DR;1
IL1DR;IL2DR;7
RICR;IL2DR;1
RIPR;IL2DR;11
RMED;IL2DR;1
RMEL;IL2DR;2
RMER;IL2DR;2
RMEV;IL2DR;1
URADR;IL2DR;3
ADEL;IL2L;2
ADEL;IL2L;1
ADEL;IL2L;1
AVEL;IL2L;1
IL1L;IL2L;1
RMGL;IL2L;1
IL2VL;IL2L;1
OLQDL;IL2L;2
OLQDL;IL2L;3
OLQVL;IL2L;2
OLQVL;IL2L;6
RICL;IL2L;1
RIH;IL2L;7
RIH;IL2L;2
RMDL;IL2L;1
RMDL;IL2L;2
RMDR;IL2L;1
RMER;IL2L;2
RMEV;IL2L;2
URXL;IL2L;2
ADER;IL2R;1
ADER;IL2R;1
IL1R;IL2R;1
IL1VR;IL2R;1
RMGR;IL2R;1
URXR;IL2R;1
OLLR;IL2R;1
OLLR;IL2R;1
OLLR;IL2R;1
OLQDR;IL2R;2
OLQVR;IL2R;2
OLQVR;IL2R;5
RIH;IL2R;6
RIH;IL2R;1
RMDL;IL2R;1
RMDL;IL2R;1
RMEL;IL2R;2
RMEV;IL2R;1
URBR;IL2R;1
URBR;IL2R;1
BAGR;IL2VL;1
IL1VL;IL2VL;7
IL2L;IL2VL;1
OLQVL;IL2VL;1
OLQVL;IL2VL;1
RIAL;IL2VL;1
RIH;IL2VL;2
RIPL;IL2VL;11
RMEL;IL2VL;1
RMEL;IL2VL;1
RMER;IL2VL;4
RMEV;IL2VL;1
URAVL;IL2VL;3
CEPVR;IL2VR;2
IL1VR;IL2VR;6
IL1VR;IL2VR;1
OLQVR;IL2VR;1
OLQVR;IL2VR;1
RIAR;IL2VR;2
RIH;IL2VR;1
RIH;IL2VR;2
RIPR;IL2VR;1
RIPR;IL2VR;14
RMEL;IL2VR;3
RMER;IL2VR;2
RMEV;IL2VR;3
URAVR;IL2VR;4
URXR;IL2VR;1
AVAL;LUAL;5
AVAL;LUAL;1
AVAR;LUAL;1
AVAR;LUAL;5
AVAR;LUAL;1
AVDL;LUAL;4
AVDL;LUAL;1
AVDR;LUAL;2
AVDR;LUAL;2
AVJL;LUAL;1
AVAL;LUAL;1
PLML;LUAL;1
PVR;LUAL;1
PHBL;LUAL;1
PHCL;LUAL;1
PVNL;LUAL;1
PVWL;LUAL;1
VA12;LUAL;2
AVAL;LUAR;3
AVAR;LUAR;7
AVAR;LUAR;3
AVDL;LUAR;1
AVDR;LUAR;3
AVJR;LUAR;1
PLMR;LUAR;1
PVR;LUAR;1
PHCR;LUAR;1
PQR;LUAR;1
PQR;LUAR;1
PVCR;LUAR;3
PVCR;LUAR;1
PVR;LUAR;1
PVWL;LUAR;1
ADEL;OLLL;1
ADEL;OLLL;1
AVER;OLLL;3
AVER;OLLL;18
CEPDL;OLLL;3
CEPDL;OLLL;2
CEPVL;OLLL;4
CEPVL;OLLL;4
IL1VL;OLLL;2
IL1DL;OLLL;1
OLLR;OLLL;2
RIGL;OLLL;1
RIBL;OLLL;8
RMDDL;OLLL;7
RMDL;OLLL;2
RMDVL;OLLL;1
RMEL;OLLL;2
SAADR;OLLL;1
SMDDL;OLLL;2
SMDDL;OLLL;1
SMDDR;OLLL;3
SMDDR;OLLL;1
SMDVR;OLLL;4
URYDL;OLLL;1
ADER;OLLR;2
ADLR;OLLR;1
AVEL;OLLR;1
AVEL;OLLR;15
CEPDR;OLLR;1
CEPDR;OLLR;1
CEPDR;OLLR;1
CEPDR;OLLR;7
CEPVR;OLLR;6
CEPVR;OLLR;1
CEPVR;OLLR;6
IL1DR;OLLR;2
IL1VR;OLLR;1
IL2R;OLLR;1
IL2R;OLLR;1
IL2R;OLLR;1
IL1DR;OLLR;1
OLLL;OLLR;2
RIGR;OLLR;1
RIBR;OLLR;2
RIBR;OLLR;8
RIS;OLLR;1
RMDDR;OLLR;10
RMDL;OLLR;3
RMDL;OLLR;2
RMDVR;OLLR;3
RMER;OLLR;2
SAAVL;OLLR;1
SMDDR;OLLR;1
SMDVL;OLLR;4
SMDVR;OLLR;3
VC05;OLLR;1
CEPDL;OLQDL;6
IL2DL;OLQDL;2
IL2L;OLQDL;2
IL2L;OLQDL;3
CEPDL;OLQDL;1
RIBL;OLQDL;2
RIGL;OLQDL;1
RMDVL;OLQDL;1
URBL;OLQDL;1
RICR;OLQDL;1
RIH;OLQDL;2
RIH;OLQDL;2
RIPL;OLQDL;1
RIPR;OLQDL;1
RMDDR;OLQDL;1
RMDDR;OLQDL;3
SIBVL;OLQDL;3
AIMR;OLQDR;1
CEPDR;OLQDR;5
IL2R;OLQDR;2
CEPDR;OLQDR;2
RIBR;OLQDR;2
RIGR;OLQDR;1
RIH;OLQDR;1
RMDVR;OLQDR;1
URBR;OLQDR;1
RICL;OLQDR;1
RICR;OLQDR;1
RIH;OLQDR;2
RIPL;OLQDR;1
RIPR;OLQDR;1
RMDDL;OLQDR;1
RMDDL;OLQDR;2
RMHR;OLQDR;1
SIBVR;OLQDR;2
ADFL;OLQVL;1
ADLL;OLQVL;1
CEPVL;OLQVL;6
IL1VL;OLQVL;1
IL1VL;OLQVL;1
IL2L;OLQVL;2
IL2L;OLQVL;6
IL2VL;OLQVL;1
IL2VL;OLQVL;1
ADLL;OLQVL;1
CEPVL;OLQVL;1
RIBL;OLQVL;1
RIGL;OLQVL;1
RMDDL;OLQVL;1
URBL;OLQVL;1
RICL;OLQVL;1
RIH;OLQVL;1
RIH;OLQVL;1
RIPL;OLQVL;1
RMDVR;OLQVL;1
RMDVR;OLQVL;3
SIBDL;OLQVL;3
CEPVR;OLQVR;3
IL1VR;OLQVR;1
IL2R;OLQVR;2
IL2R;OLQVR;5
IL2VR;OLQVR;1
IL2VR;OLQVR;1
CEPVR;OLQVR;1
RIBR;OLQVR;1
RIGR;OLQVR;1
RMDDR;OLQVR;1
URBR;OLQVR;1
RICR;OLQVR;1
RIH;OLQVR;2
RIH;OLQVR;6
RIPR;OLQVR;2
RMDVL;OLQVR;4
RMER;OLQVR;1
SIBDR;OLQVR;4
URXR;OLQVR;1
AS11;PDA;1
AS11;PDA;1
DA09;PDA;1
DD06;PDA;1
DVB;PDA;1
DA09;PDA;1
PVNR;PDA;1
VD13;PDA;3
AS11;PDB;1
AS11;PDB;2
RID;PDB;2
VD13;PDB;4
AVAR;PDEL;1
AVKL;PDEL;1
AVKL;PDEL;5
AVKL;PDEL;2
AVKL;PDEL;1
DVA;PDEL;16
DVA;PDEL;8
DVA;PDEL;1
DVA;PDEL;2
PDER;PDEL;3
PVCR;PDEL;1
PVM;PDEL;1
PDER;PDEL;1
PLMR;PDEL;2
PVCR;PDEL;1
PVM;PDEL;2
PVM;PDEL;1
PVM;PDEL;6
PVR;PDEL;2
PVR;PDEL;1
VA09;PDEL;1
VD11;PDEL;1
AVAR;PDER;1
AVFL;PDER;1
AVKL;PDER;16
AVKL;PDER;1
DVA;PDER;19
DVA;PDER;16
PDEL;PDER;1
PDEL;PDER;3
PVM;PDER;1
VA08;PDER;1
VD09;PDER;1
PLMR;PDER;3
PVCL;PDER;1
PVCR;PDER;1
PVM;PDER;2
PVM;PDER;6
PVR;PDER;1
AVDR;PHAL;1
AVFL;PHAL;3
AVG;PHAL;1
AVG;PHAL;4
AVG;PHAL;2
AVHL;PHAL;1
AVHR;PHAL;1
DVA;PHAL;2
PHAR;PHAL;2
PHAR;PHAL;5
PHAR;PHAL;1
PHAR;PHAL;5
PHBL;PHAL;5
PHBR;PHAL;5
PVQL;PHAL;2
AVG;PHAR;1
AVG;PHAR;2
AVHR;PHAR;1
DA08;PHAR;1
DVA;PHAR;1
DVA;PHAR;1
PHAL;PHAR;1
PHAL;PHAR;5
PHAL;PHAR;5
PHAL;PHAR;2
PHBL;PHAR;1
PVPL;PHAR;3
PHBR;PHAR;5
PVQL;PHAR;2
AVAL;PHBL;9
AVAR;PHBL;6
AVDL;PHBL;1
LUAL;PHBL;1
PHAL;PHBL;5
PHAR;PHBL;1
PHBR;PHBL;3
PHBR;PHBL;1
PHBR;PHBL;1
PVCL;PHBL;13
VA12;PHBL;1
AVAL;PHBR;7
AVAR;PHBR;7
AVDL;PHBR;1
AVDR;PHBR;1
AVFL;PHBR;1
DA08;PHBR;1
PHAL;PHBR;5
PHAR;PHBR;5
PHBL;PHBR;1
PHBL;PHBR;1
AVHL;PHBR;1
PHBL;PHBR;3
PVCL;PHBR;6
PVCR;PHBR;3
VA12;PHBR;2
AVAL;PHCL;1
DA09;PHCL;7
DVA;PHCL;4
DVA;PHCL;2
DVB;PHCL;1
LUAL;PHCL;1
DA09;PHCL;1
PHCR;PHCL;1
PLML;PHCL;1
VA12;PHCL;1
PHCR;PHCL;1
PVCL;PHCL;2
VA12;PHCL;2
AVHR;PHCR;1
DA09;PHCR;2
DVA;PHCR;3
DVA;PHCR;5
LUAR;PHCR;1
PHCL;PHCR;1
PHCL;PHCR;1
PVCR;PHCR;1
VA12;PHCR;1
PVCR;PHCR;8
VA12;PHCR;1
HSNL;PLML;1
LUAL;PLML;1
PHCL;PLML;1
PVCL;PLML;1
AS06;PLMR;1
AVAL;PLMR;1
AVAL;PLMR;3
AVAR;PLMR;1
AVDL;PLMR;1
AVDR;PLMR;4
AVJL;PLMR;2
DVA;PLMR;5
HSNR;PLMR;1
PDEL;PLMR;2
PDER;PLMR;3
LUAR;PLMR;1
PVCR;PLMR;1
PVR;PLMR;2
PVCL;PLMR;2
SAADL;PLNL;5
SMBVL;PLNL;1
SMBVL;PLNL;5
SMBVL;PLNL;1
SAADR;PLNR;4
SMBVR;PLNR;2
SMBVR;PLNR;4
AVAL;PQR;3
AVAL;PQR;5
AVAR;PQR;2
AVAR;PQR;9
AVDL;PQR;7
AVDR;PQR;6
AVDR;PQR;1
AVG;PQR;1
LUAR;PQR;1
LUAR;PQR;1
PVPL;PQR;4
PVNL;PQR;1
PVNL;PQR;1
PVNR;PQR;2
ADLR;PVCL;1
ADLR;PVCL;1
ALML;PVCL;2
ALML;PVCL;2
AS01;PVCL;1
AVAL;PVCL;1
AVAL;PVCL;1
AVAL;PVCL;3
AVAL;PVCL;7
AVAR;PVCL;4
AVAR;PVCL;2
AVAR;PVCL;5
AVBL;PVCL;5
AVBR;PVCL;1
AVBR;PVCL;11
AVDL;PVCL;5
AVDL;PVCL;1
AVDR;PVCL;2
AVEL;PVCL;2
AVER;PVCL;1
AVG;PVCL;1
AVJL;PVCL;1
AVJL;PVCL;2
AVJL;PVCL;1
AVJR;PVCL;1
AVJR;PVCL;2
AVM;PVCL;4
BDUR;PVCL;1
BDUR;PVCL;1
DA02;PVCL;1
DA05;PVCL;1
DA06;PVCL;1
DB02;PVCL;3
DB03;PVCL;1
DB03;PVCL;3
DB04;PVCL;1
DB04;PVCL;2
DB05;PVCL;2
DB06;PVCL;2
DB07;PVCL;1
DB07;PVCL;2
DVA;PVCL;4
DVA;PVCL;3
FLPR;PVCL;2
PDER;PVCL;1
PHBL;PVCL;13
PHBR;PVCL;6
PHCL;PVCL;2
PLMR;PVCL;2
AVAL;PVCL;2
AVJL;PVCL;1
AVJR;PVCL;1
DVA;PVCL;1
PLML;PVCL;1
PVCR;PVCL;5
VB09;PVCL;2
VB10;PVCL;1
PVCR;PVCL;2
PVCR;PVCL;1
PVCR;PVCL;2
PVDL;PVCL;1
PVDR;PVCL;2
PVDR;PVCL;11
PVM;PVCL;2
PVNL;PVCL;1
PVNR;PVCL;1
PVPR;PVCL;4
RID;PVCL;1
RID;PVCL;4
RIFR;PVCL;1
RIS;PVCL;2
SIBVL;PVCL;2
VA12;PVCL;2
VB03;PVCL;1
VB04;PVCL;1
VB05;PVCL;1
VB06;PVCL;2
VB08;PVCL;1
VB10;PVCL;2
VB11;PVCL;1
VD13;PVCL;1
ALML;PVCR;1
ALML;PVCR;1
ALMR;PVCR;3
AQR;PVCR;1
AQR;PVCR;2
AS02;PVCR;1
AVAL;PVCR;2
AVAL;PVCR;5
AVAL;PVCR;2
AVAL;PVCR;4
AVAR;PVCR;7
AVAR;PVCR;5
AVBL;PVCR;2
AVBL;PVCR;6
AVBR;PVCR;6
AVDL;PVCR;5
AVDR;PVCR;1
AVEL;PVCR;1
AVEL;PVCR;1
AVER;PVCR;1
AVJL;PVCR;2
AVJR;PVCR;1
AVJR;PVCR;3
AVL;PVCR;1
AVM;PVCR;1
AVM;PVCR;4
DA09;PVCR;1
DB02;PVCR;1
DB03;PVCR;1
DB03;PVCR;2
DB04;PVCR;4
DB05;PVCR;1
DB06;PVCR;2
DB07;PVCR;1
DVA;PVCR;1
FLPL;PVCR;1
LUAR;PVCR;1
LUAR;PVCR;3
PDEL;PVCR;1
PDER;PVCR;1
PHBR;PVCR;3
PHCR;PVCR;8
PVCL;PVCR;1
PVCL;PVCR;2
PVCL;PVCR;2
AVAL;PVCR;5
AVAR;PVCR;3
AVJL;PVCR;3
PDEL;PVCR;1
PHCR;PVCR;1
PLMR;PVCR;1
PVCL;PVCR;5
PVWL;PVCR;2
PVWR;PVCR;1
VA08;PVCR;2
PVDL;PVCR;1
PVDL;PVCR;6
PVDR;PVCR;10
VA09;PVCR;1
PVPL;PVCR;1
PVPL;PVCR;2
PVPR;PVCR;1
PVPR;PVCR;6
PVR;PVCR;1
PVR;PVCR;1
PVWR;PVCR;1
PVWR;PVCR;1
RID;PVCR;2
RID;PVCR;3
RIFR;PVCR;1
SIBVR;PVCR;2
VA12;PVCR;3
VB04;PVCR;2
VB04;PVCR;1
VB06;PVCR;1
VB06;PVCR;1
VB07;PVCR;3
VB08;PVCR;1
VB10;PVCR;1
VB11;PVCR;1
VC02;PVCR;1
VD13;PVCR;1
AVAL;PVDL;6
AVAR;PVDL;6
DD05;PVDL;1
PVCL;PVDL;1
PVCR;PVDL;6
PVCR;PVDL;1
PVDR;PVDL;1
VD10;PVDL;1
AVAL;PVDR;6
AVAR;PVDR;9
DVA;PVDR;2
DVA;PVDR;1
PVCL;PVDR;2
PVCL;PVDR;11
PVCR;PVDR;10
PVDL;PVDR;1
VA09;PVDR;1
AVKL;PVM;7
AVKL;PVM;4
AVKL;PVM;1
AVM;PVM;1
DVA;PVM;2
DVA;PVM;1
PDEL;PVM;1
PDEL;PVM;6
PDEL;PVM;2
PDER;PVM;2
PDER;PVM;6
PVCL;PVM;2
AVL;PVM;1
PDEL;PVM;1
PDER;PVM;1
PVR;PVM;1
AVAL;PVNL;2
AVBR;PVNL;1
AVDL;PVNL;3
AVDR;PVNL;3
AVEL;PVNL;1
AVFL;PVNL;2
AVFR;PVNL;1
AVG;PVNL;1
AVHR;PVNL;1
AVJL;PVNL;5
AVJR;PVNL;2
AVJR;PVNL;3
AVL;PVNL;2
AVM;PVNL;1
BDUL;PVNL;1
BDUL;PVNL;1
BDUL;PVNL;2
BDUR;PVNL;2
BDUR;PVNL;2
BDUR;PVNL;2
DD01;PVNL;2
LUAL;PVNL;1
PQR;PVNL;1
PQR;PVNL;1
PVCL;PVNL;1
AVBR;PVNL;2
PVNR;PVNL;5
PVNR;PVNL;1
PVQR;PVNL;1
PVT;PVNL;1
PVWL;PVNL;1
RIFL;PVNL;1
AIMR;PVNR;1
AVAL;PVNR;2
AVAL;PVNR;2
AVBL;PVNR;1
AVBL;PVNR;1
AVBR;PVNR;2
AVDR;PVNR;1
AVEL;PVNR;2
AVEL;PVNR;1
AVG;PVNR;1
AVG;PVNR;1
AVJL;PVNR;4
AVJL;PVNR;1
AVJR;PVNR;1
AVL;PVNR;2
BDUL;PVNR;1
BDUL;PVNR;2
BDUR;PVNR;2
BDUR;PVNR;2
BDUR;PVNR;1
DD03;PVNR;1
HSNR;PVNR;1
HSNR;PVNR;1
HSNR;PVNR;1
PDA;PVNR;1
PQR;PVNR;2
PVCL;PVNR;1
PVNL;PVNR;1
PVNL;PVNR;5
HSNR;PVNR;1
PVT;PVNR;2
PVWL;PVNR;2
VA11;PVNR;2
VC02;PVNR;1
VC02;PVNR;1
VC03;PVNR;1
VC03;PVNR;1
VD06;PVNR;1
VD07;PVNR;1
VD12;PVNR;1
ADAL;PVPL;1
AQR;PVPL;1
AQR;PVPL;1
AVAL;PVPL;1
AVAL;PVPL;1
AVAR;PVPL;1
AVAR;PVPL;1
AVBL;PVPL;2
AVBL;PVPL;3
AVBR;PVPL;6
AVDR;PVPL;2
AVER;PVPL;1
AVHR;PVPL;1
AVHR;PVPL;3
DVB;PVPL;1
DVB;PVPL;1
PVCR;PVPL;1
PVCR;PVPL;2
AQR;PVPL;7
AVAL;PVPL;1
AVKL;PVPL;1
AVKR;PVPL;6
DVC;PVPL;2
PHAR;PVPL;3
PQR;PVPL;4
PVPR;PVPL;1
PVT;PVPL;1
VD03;PVPL;1
VD13;PVPL;2
RIFL;PVPL;3
RIGL;PVPL;2
RIR;PVPL;1
ADFR;PVPR;1
ADFR;PVPR;1
AQR;PVPR;2
ASHR;PVPR;1
ASHR;PVPR;1
AVAL;PVPR;1
AVAR;PVPR;2
AVBL;PVPR;4
AVBR;PVPR;5
AVG;PVPR;1
AVHL;PVPR;3
AVHL;PVPR;2
AVL;PVPR;1
AVL;PVPR;3
AVL;PVPR;1
DD02;PVPR;1
DVC;PVPR;1
DVC;PVPR;1
PVCL;PVPR;4
PVCR;PVPR;1
PVCR;PVPR;6
AQR;PVPR;9
AVKL;PVPR;1
DVC;PVPR;13
PVPL;PVPR;1
VD04;PVPR;1
VD05;PVPR;1
PVQR;PVPR;1
RIAR;PVPR;2
RIFR;PVPR;4
RIGR;PVPR;1
RIMR;PVPR;1
RMGR;PVPR;1
VC03;PVPR;1
AIAL;PVQL;3
AIAL;PVQL;3
AIML;PVQL;1
ASJL;PVQL;1
ASJL;PVQL;8
ASJL;PVQL;6
ASKL;PVQL;4
AVFL;PVQL;1
AVFR;PVQL;1
AVHL;PVQL;1
AVKR;PVQL;1
HSNL;PVQL;2
PHAL;PVQL;2
PHAR;PVQL;2
ADAL;PVQL;1
ASKL;PVQL;5
PVQR;PVQL;2
RMGL;PVQL;1
AIAR;PVQR;3
AIAR;PVQR;4
ASER;PVQR;1
ASJR;PVQR;9
ASJR;PVQR;4
ASKR;PVQR;4
AVBL;PVQR;1
AVFL;PVQR;1
AVFR;PVQR;1
AVG;PVQR;1
AVHL;PVQR;2
AVJR;PVQR;1
AVL;PVQR;1
AWAR;PVQR;2
DD01;PVQR;1
DVC;PVQR;1
HSNR;PVQR;1
HSNR;PVQR;1
PVPR;PVQR;1
ADAR;PVQR;1
ASKR;PVQR;4
AVFL;PVQR;1
PVNL;PVQR;1
PVQL;PVQR;2
PVT;PVQR;1
RIFR;PVQR;1
VC02;PVQR;1
VC03;PVQR;4
VD01;PVQR;1
ADAL;PVR;1
ADER;PVR;1
AS06;PVR;1
AVBL;PVR;4
AVBR;PVR;4
AVJL;PVR;1
AVJL;PVR;2
AVJR;PVR;2
AVKL;PVR;1
AVM;PVR;3
DA09;PVR;1
DB02;PVR;1
DB03;PVR;1
DVA;PVR;1
DVA;PVR;1
DVA;PVR;2
IL1DL;PVR;1
IL1DL;PVR;1
IL1DR;PVR;1
IL1VL;PVR;1
IL1VR;PVR;1
LUAR;PVR;1
PDEL;PVR;1
PDEL;PVR;2
PDER;PVR;1
PVCR;PVR;1
PVCR;PVR;1
PVM;PVR;1
ALML;PVR;1
DVA;PVR;2
LUAL;PVR;1
LUAR;PVR;1
PLMR;PVR;2
RIPL;PVR;3
RIPR;PVR;3
SABD;PVR;1
SMDVL;PVR;1
URADL;PVR;1
AIBL;PVT;2
AIBR;PVT;4
AVEL;PVT;1
AVG;PVT;1
AVKL;PVT;2
AVKL;PVT;5
AVKR;PVT;7
AVL;PVT;2
DVC;PVT;2
DVC;PVT;1
PVNL;PVT;1
PVNR;PVT;2
PVQR;PVT;1
AIBL;PVT;1
AIBR;PVT;1
AVKL;PVT;2
PVPL;PVT;1
RIBL;PVT;1
PVWL;PVT;2
RIBR;PVT;1
PVWR;PVT;1
RIGL;PVT;2
RIGR;PVT;3
RIH;PVT;1
RMEV;PVT;1
RMFL;PVT;2
RMFL;PVT;1
RMFR;PVT;1
RMFR;PVT;2
SMBDR;PVT;1
VA09;PVT;1
VB10;PVT;1
VC01;PVT;2
VC02;PVT;2
VC05;PVT;1
AVJL;PVWL;1
AVL;PVWL;1
LUAL;PVWL;1
LUAR;PVWL;1
PVNL;PVWL;1
PVNR;PVWL;2
PVT;PVWL;2
PVWR;PVWL;1
PVCR;PVWL;2
VA12;PVWL;1
AVAR;PVWR;1
AVDR;PVWR;1
PVCR;PVWR;1
PVCR;PVWR;1
PVT;PVWR;1
PVWL;PVWR;1
PVCR;PVWR;1
VA12;PVWR;1
ADEL;RIAL;1
ADFL;RIAL;3
ADFL;RIAL;12
AIBR;RIAL;1
AIYL;RIAL;1
AIYL;RIAL;6
AIZL;RIAL;3
AIZL;RIAL;5
AQR;RIAL;1
AQR;RIAL;2
ASHL;RIAL;4
AUAL;RIAL;5
AWBL;RIAL;1
AWBL;RIAL;2
AWCL;RIAL;2
AWCL;RIAL;1
BAGR;RIAL;2
BAGR;RIAL;3
CEPVL;RIAL;1
DVA;RIAL;1
IL2VL;RIAL;1
RIAR;RIAL;1
RIAR;RIAL;4
RIBL;RIAL;1
RIBL;RIAL;2
RIH;RIAL;1
RIH;RIAL;10
RIR;RIAL;1
RIR;RIAL;4
RIVL;RIAL;2
RIVL;RIAL;1
RIVR;RIAL;1
RIVR;RIAL;3
RIVR;RIAL;2
RMDDL;RIAL;2
RMDDL;RIAL;10
RMDDR;RIAL;7
RMDL;RIAL;4
RMDL;RIAL;2
RMDL;RIAL;4
RMDR;RIAL;4
RMDR;RIAL;2
RMDR;RIAL;3
RMDVL;RIAL;1
RMDVL;RIAL;8
RMDVR;RIAL;2
RMDVR;RIAL;9
SIADL;RIAL;2
SMDDL;RIAL;3
SMDDL;RIAL;5
SMDDL;RIAL;1
SMDDR;RIAL;3
SMDDR;RIAL;7
SMDDR;RIAL;2
SMDVL;RIAL;1
SMDVL;RIAL;5
SMDVL;RIAL;3
SMDVR;RIAL;1
SMDVR;RIAL;10
SMDVR;RIAL;7
URXL;RIAL;1
URXL;RIAL;7
URYVL;RIAL;1
ADFR;RIAR;1
ADFR;RIAR;15
AIYR;RIAR;6
AIZR;RIAR;4
AIZR;RIAR;3
AQR;RIAR;1
AQR;RIAR;1
ASEL;RIAR;1
ASHR;RIAR;2
AUAR;RIAR;1
AUAR;RIAR;5
AWBR;RIAR;1
BAGL;RIAR;2
BAGL;RIAR;3
CEPVR;RIAR;1
DVA;RIAR;1
DVA;RIAR;1
IL1R;RIAR;1
IL2VR;RIAR;2
PVPR;RIAR;2
RIAL;RIAR;4
RIAL;RIAR;1
RIBR;RIAR;2
RIH;RIAR;8
RIR;RIAR;1
RIVL;RIAR;1
RIVL;RIAR;1
RIVR;RIAR;1
RIVR;RIAR;1
RMDDL;RIAR;1
RMDDL;RIAR;9
RMDDR;RIAR;1
RMDDR;RIAR;10
RMDL;RIAR;2
RMDL;RIAR;1
RMDL;RIAR;3
RMDR;RIAR;1
RMDR;RIAR;7
RMDR;RIAR;3
RMDR;RIAR;4
RMDVL;RIAR;12
RMDVR;RIAR;1
RMDVR;RIAR;9
SAADR;RIAR;1
SIADL;RIAR;1
SIADR;RIAR;1
SIAVL;RIAR;1
SMDDL;RIAR;2
SMDDL;RIAR;5
SMDDL;RIAR;1
SMDDL;RIAR;1
SMDDR;RIAR;1
SMDDR;RIAR;6
SMDDR;RIAR;1
SMDVL;RIAR;2
SMDVL;RIAR;11
SMDVL;RIAR;8
SMDVR;RIAR;1
SMDVR;RIAR;6
SMDVR;RIAR;5
URXR;RIAR;3
URYVR;RIAR;1
AIBR;RIBL;2
AIBR;RIBL;4
AINL;RIBL;1
AINR;RIBL;2
AIYL;RIBL;4
ASIL;RIBL;1
AUAL;RIBL;1
AUAL;RIBL;2
AUAL;RIBL;7
AVAL;RIBL;1
AVAL;RIBL;1
AVBR;RIBL;1
AVDR;RIBL;1
AVEL;RIBL;1
AVEL;RIBL;1
AVER;RIBL;3
AVER;RIBL;2
BAGL;RIBL;1
BAGR;RIBL;1
BAGR;RIBL;1
BAGR;RIBL;3
CEPDL;RIBL;2
DVC;RIBL;1
IL2DL;RIBL;1
OLLL;RIBL;8
RIAL;RIBL;1
RIAL;RIBL;2
AVBL;RIBL;1
AVBR;RIBL;1
OLQDL;RIBL;2
OLQVL;RIBL;1
PVT;RIBL;1
RIBL;RIBL;1
RIBR;RIBL;3
RIGL;RIBL;1
SIADL;RIBL;1
SIAVL;RIBL;1
SIBDL;RIBL;1
SIBVL;RIBL;1
SIBVR;RIBL;1
SMBDL;RIBL;1
SMDDL;RIBL;1
SMDVR;RIBL;2
RIGL;RIBL;1
RIH;RIBL;5
RIML;RIBL;1
RIS;RIBL;3
RMED;RIBL;1
SMDVR;RIBL;2
URYDL;RIBL;1
URYVL;RIBL;2
AIBL;RIBR;1
AIBL;RIBR;1
AIBL;RIBR;1
AIBL;RIBR;3
AINL;RIBR;2
AIYR;RIBR;2
AIZR;RIBR;1
AUAR;RIBR;4
AUAR;RIBR;9
AVAR;RIBR;2
AVEL;RIBR;2
AVEL;RIBR;1
AVER;RIBR;1
AVER;RIBR;1
BAGL;RIBR;1
BAGL;RIBR;1
BAGL;RIBR;1
BAGL;RIBR;6
CEPDR;RIBR;1
DVC;RIBR;1
OLLR;RIBR;2
OLLR;RIBR;8
RIAR;RIBR;2
AVBL;RIBR;1
AVBR;RIBR;1
OLQDR;RIBR;2
OLQVR;RIBR;1
PVT;RIBR;1
RIBL;RIBR;3
RIBR;RIBR;1
RIGR;RIBR;1
SIADR;RIBR;1
SIAVR;RIBR;1
SIBDR;RIBR;1
SIBVR;RIBR;1
SMBDR;RIBR;1
SMDDL;RIBR;1
SMDDR;RIBR;1
SMDVL;RIBR;2
RIGR;RIBR;1
RIGR;RIBR;1
RIH;RIBR;1
RIH;RIBR;4
RIMR;RIBR;1
RIS;RIBR;5
RMED;RIBR;1
SMDDL;RIBR;1
URYDR;RIBR;1
URYVR;RIBR;1
ADAL;RICL;1
ADAL;RICL;1
ADAR;RICL;1
ADAR;RICL;1
ADLR;RICL;1
AVAL;RICL;5
AVAR;RICL;6
AVKR;RICL;1
CEPDL;RICL;1
CEPDL;RICL;1
CEPDR;RICL;4
CEPVL;RICL;1
CEPVL;RICL;6
CEPVR;RICL;2
IL2L;RICL;1
OLQDR;RICL;1
OLQVL;RICL;1
ASHL;RICL;2
AVKL;RICL;1
AVKR;RICL;1
AWBR;RICL;1
RIML;RICL;1
RIMR;RICL;1
RIMR;RICL;2
RIVR;RICL;1
RMFR;RICL;1
SMBDL;RICL;2
SMDDL;RICL;3
SMDDR;RICL;3
SMDVR;RICL;1
URXL;RICL;1
ADAL;RICR;1
ADAR;RICR;1
ADLR;RICR;1
AVAL;RICR;5
AVAR;RICR;5
CEPDL;RICR;2
CEPDL;RICR;2
CEPDR;RICR;3
CEPVL;RICR;4
CEPVR;RICR;2
CEPVR;RICR;2
IL2DR;RICR;1
OLQDL;RICR;1
OLQDR;RICR;1
OLQVR;RICR;1
ASHR;RICR;2
AVKL;RICR;1
SDQL;RICR;1
SDQR;RICR;1
SMBDR;RICR;1
SMDDL;RICR;4
SMDDR;RICR;3
SMDVL;RICR;2
SMDVR;RICR;1
URBL;RICR;1
URBR;RICR;1
AINR;RID;1
AS02;RID;1
AVM;RID;1
DA06;RID;3
DD01;RID;2
DD01;RID;2
DD02;RID;2
DD02;RID;2
DD03;RID;3
PVCL;RID;1
PVCL;RID;4
PVCR;RID;2
PVCR;RID;3
ALA;RID;1
AVBL;RID;1
AVBR;RID;2
DA09;RID;1
DB01;RID;1
PDB;RID;2
RMGL;RID;1
VD05;RID;2
VD13;RID;1
ADEL;RIFL;1
AIAL;RIFL;1
AIBL;RIFL;1
AIML;RIFL;1
ALML;RIFL;2
AVBL;RIFL;10
AVBR;RIFL;1
AVHR;RIFL;1
AVJR;RIFL;2
HSNL;RIFL;3
PVNL;RIFL;1
PVPL;RIFL;3
AVG;RIFL;1
VD01;RIFL;1
RIML;RIFL;4
AIAR;RIFR;2
AIMR;RIFR;1
ASHR;RIFR;2
ASKR;RIFR;1
AVBL;RIFR;1
AVBR;RIFR;3
AVBR;RIFR;14
AVFL;RIFR;1
AVHL;RIFR;1
AVJL;RIFR;1
AVJL;RIFR;1
AVJR;RIFR;2
AWAR;RIFR;2
HSNR;RIFR;1
HSNR;RIFR;1
HSNR;RIFR;3
PVCL;RIFR;1
PVCR;RIFR;1
PVPR;RIFR;4
PVQR;RIFR;1
AVG;RIFR;1
RIMR;RIFR;4
RIPR;RIFR;1
ADEL;RIGL;2
ADEL;RIGL;3
ADER;RIGL;4
ADER;RIGL;3
ADFL;RIGL;1
AIZL;RIGL;1
AIZR;RIGL;1
ALNL;RIGL;1
AVAR;RIGL;1
AVEL;RIGL;1
AVEL;RIGL;1
AVER;RIGL;1
AVHR;RIGL;1
AVKR;RIGL;2
BAGL;RIGL;1
BAGR;RIGL;1
BAGR;RIGL;2
BAGR;RIGL;3
DVC;RIGL;1
DVC;RIGL;1
DVC;RIGL;4
PVPL;RIGL;2
PVT;RIGL;2
RIBL;RIGL;1
AIBR;RIGL;3
AQR;RIGL;2
AVKL;RIGL;1
BAGR;RIGL;1
OLLL;RIGL;1
OLQDL;RIGL;1
OLQVL;RIGL;1
RIBL;RIGL;1
RIGR;RIGL;3
RMEL;RIGL;1
URYDL;RIGL;1
URYVL;RIGL;1
VB02;RIGL;1
VD01;RIGL;2
RIR;RIGL;2
RIR;RIGL;1
RMFL;RIGL;1
RMHR;RIGL;3
URXL;RIGL;2
URXL;RIGL;1
ADEL;RIGR;3
ADEL;RIGR;3
ADER;RIGR;4
ADFR;RIGR;1
ADFR;RIGR;2
AIBL;RIGR;1
ALNR;RIGR;1
AVER;RIGR;2
AVKL;RIGR;4
AVKR;RIGR;1
AWAR;RIGR;1
BAGL;RIGR;3
BAGL;RIGR;1
DVC;RIGR;5
PVPR;RIGR;1
PVT;RIGR;3
RIBR;RIGR;1
RIBR;RIGR;1
AIBL;RIGR;3
AQR;RIGR;1
AVKR;RIGR;1
BAGL;RIGR;1
OLLR;RIGR;1
OLQDR;RIGR;1
OLQVR;RIGR;1
RIBR;RIGR;1
RIGL;RIGR;3
URYDR;RIGR;1
URYVR;RIGR;1
RIR;RIGR;1
RMFL;RIGR;1
RMHL;RIGR;4
URXR;RIGR;2
ADEL;RIH;2
ADER;RIH;1
ADFR;RIH;1
AIZL;RIH;4
AIZR;RIH;4
AUAR;RIH;1
BAGR;RIH;1
CEPDL;RIH;1
CEPDR;RIH;1
CEPVL;RIH;1
CEPVR;RIH;1
CEPVR;RIH;1
IL1DL;RIH;1
IL2L;RIH;2
IL2L;RIH;7
IL2R;RIH;1
IL2R;RIH;6
IL2VL;RIH;2
IL2VR;RIH;1
IL2VR;RIH;2
OLQDL;RIH;2
OLQDL;RIH;2
OLQDR;RIH;2
OLQVL;RIH;1
OLQVL;RIH;1
OLQVR;RIH;6
OLQVR;RIH;2
PVT;RIH;1
RIAL;RIH;1
RIAL;RIH;10
RIAR;RIH;8
RIBL;RIH;5
RIBR;RIH;4
RIBR;RIH;1
CEPDL;RIH;1
CEPDR;RIH;1
CEPVL;RIH;1
CEPVR;RIH;1
FLPL;RIH;1
OLQDR;RIH;1
RIPL;RIH;4
RIPL;RIH;1
RIPR;RIH;3
RIPR;RIH;3
RMER;RIH;2
RMEV;RIH;1
URYVL;RIH;1
URYVR;RIH;1
ADAL;RIML;3
AIBL;RIML;2
AIBR;RIML;4
AIBR;RIML;12
AIZL;RIML;4
ASHL;RIML;1
AVAL;RIML;1
AVBL;RIML;2
AVBR;RIML;3
AVKL;RIML;2
AVKR;RIML;2
HSNL;RIML;2
RIBL;RIML;1
RICL;RIML;1
RIFL;RIML;4
AIBR;RIML;1
AIYL;RIML;1
AVAR;RIML;2
AVEL;RIML;2
AVER;RIML;3
RIS;RIML;1
RIS;RIML;1
RMDL;RIML;1
RMDR;RIML;1
RMFR;RIML;1
SAADL;RIML;1
SAADL;RIML;2
SAADR;RIML;1
SAADR;RIML;1
SAADR;RIML;3
SAAVL;RIML;3
SAAVL;RIML;2
SAAVR;RIML;2
SAAVR;RIML;5
SMDDR;RIML;1
SMDDR;RIML;4
SMDVL;RIML;1
VB01;RIML;2
ADAR;RIMR;1
ADAR;RIMR;5
AIBL;RIMR;4
AIBL;RIMR;1
AIBL;RIMR;12
AIBR;RIMR;1
AIZR;RIMR;1
AIZR;RIMR;3
AVAL;RIMR;2
AVBL;RIMR;2
AVBR;RIMR;1
AVBR;RIMR;4
AVHL;RIMR;1
AVJL;RIMR;1
AVKL;RIMR;1
AVKL;RIMR;1
AVKR;RIMR;2
DVA;RIMR;1
PVPR;RIMR;1
RIBR;RIMR;1
RICL;RIMR;1
RICL;RIMR;2
RIFR;RIMR;4
AIBL;RIMR;1
AIYR;RIMR;1
AVAL;RIMR;3
AVAR;RIMR;1
AVEL;RIMR;3
AVER;RIMR;2
RIS;RIMR;1
RIS;RIMR;1
RIS;RIMR;1
RIS;RIMR;3
RMDL;RIMR;2
RMDL;RIMR;1
RMDR;RIMR;1
RMDR;RIMR;2
RMFL;RIMR;1
RMFR;RIMR;1
SAADL;RIMR;1
SAADL;RIMR;5
SAADR;RIMR;2
SAADR;RIMR;3
SAAVL;RIMR;1
SAAVL;RIMR;2
SAAVL;RIMR;12
SAAVR;RIMR;3
SAAVR;RIMR;2
SMDDL;RIMR;2
SMDDR;RIMR;4
ADAL;RIPL;1
ADLL;RIPL;1
ASHL;RIPL;1
CEPDL;RIPL;2
CEPVL;RIPL;1
IL1DL;RIPL;2
IL1VL;RIPL;4
IL2DL;RIPL;10
IL2VL;RIPL;11
OLQDL;RIPL;1
OLQDR;RIPL;1
OLQVL;RIPL;1
PVR;RIPL;3
RIH;RIPL;4
RIH;RIPL;1
RMED;RIPL;1
URADL;RIPL;3
URAVL;RIPL;3
ADAR;RIPR;1
CEPVR;RIPR;1
IL1DR;RIPR;5
IL1VR;RIPR;1
IL1VR;RIPR;5
IL2DR;RIPR;11
IL2VR;RIPR;1
IL2VR;RIPR;14
OLQDL;RIPR;1
OLQDR;RIPR;1
OLQVR;RIPR;2
PVR;RIPR;3
RIFR;RIPR;1
RIH;RIPR;3
RIH;RIPR;3
RMED;RIPR;1
URADR;RIPR;3
URAVR;RIPR;3
URXR;RIPR;3
ADFL;RIR;2
ADFR;RIR;3
AFDR;RIR;1
AIZL;RIR;3
AIZL;RIR;3
AIZR;RIR;4
AIZR;RIR;1
AUAL;RIR;1
AVHL;RIR;3
AVHR;RIR;1
AVHR;RIR;3
AWAR;RIR;2
AWBR;RIR;1
AWBR;RIR;2
BAGR;RIR;1
DVA;RIR;2
DVA;RIR;3
HSNL;RIR;1
PVPL;RIR;1
RIAL;RIR;1
RIAL;RIR;4
RIAR;RIR;1
RIGL;RIR;1
RIGL;RIR;2
RIGR;RIR;1
BAGL;RIR;1
BAGR;RIR;1
RMGR;RIR;1
URXL;RIR;5
URXR;RIR;1
URXR;RIR;1
AVEL;RIS;7
AVER;RIS;7
AVJL;RIS;1
AVKL;RIS;1
AVKR;RIS;4
AVL;RIS;2
CEPDL;RIS;1
CEPDR;RIS;1
CEPDR;RIS;1
CEPVL;RIS;2
CEPVR;RIS;1
OLLR;RIS;1
PVCL;RIS;2
RIBL;RIS;3
RIBR;RIS;5
RIML;RIS;1
RIMR;RIS;1
RIMR;RIS;3
RIMR;RIS;1
AIBR;RIS;1
AVJL;RIS;1
DB01;RIS;1
RIML;RIS;1
RIMR;RIS;1
SMDDL;RIS;1
SMDDR;RIS;1
SMDVL;RIS;1
RMDDL;RIS;1
RMDL;RIS;2
RMDR;RIS;1
RMDR;RIS;3
RMDR;RIS;1
SDQL;RIS;2
SDQL;RIS;1
SMDDR;RIS;2
SMDVR;RIS;1
URYVL;RIS;1
URYVR;RIS;1
ADEL;RIVL;1
CEPVR;RIVL;1
RIAL;RIVL;1
RIAL;RIVL;2
RIAR;RIVL;1
RIAR;RIVL;1
AIBL;RIVL;1
RIVR;RIVL;2
SDQR;RIVL;2
SMDVL;RIVL;1
RMDL;RIVL;2
SAADR;RIVL;3
SIAVR;RIVL;2
SMDDR;RIVL;1
SMDVL;RIVL;1
ADAR;RIVR;1
ADEL;RIVR;1
RIAL;RIVR;2
RIAL;RIVR;1
RIAL;RIVR;3
RIAR;RIVR;1
RIAR;RIVR;1
RICL;RIVR;1
AIBR;RIVR;1
RIVL;RIVR;2
SDQR;RIVR;2
RMDDL;RIVR;1
SMDVR;RIVR;2
RMDR;RIVR;1
RMDVR;RIVR;1
RMEV;RIVR;1
SAADL;RIVR;2
SIAVL;RIVR;2
SMDDL;RIVR;2
SMDVR;RIVR;2
SMDVR;RIVR;1
ALMR;RMDDL;1
CEPDR;RMDDL;1
CEPVL;RMDDL;4
IL1L;RMDDL;5
IL1R;RMDDL;3
IL1VL;RMDDL;5
OLLL;RMDDL;7
OLQDR;RMDDL;1
OLQDR;RMDDL;2
RIAL;RMDDL;2
RIAL;RMDDL;10
RIAR;RMDDL;1
RIAR;RMDDL;9
RIS;RMDDL;1
RIVR;RMDDL;1
OLQVL;RMDDL;1
RMDL;RMDDL;1
RMDVL;RMDDL;1
SMDDL;RMDDL;1
RMDR;RMDDL;1
RMDVR;RMDDL;7
RMDVR;RMDDL;1
RMDVR;RMDDL;3
SMDVR;RMDDL;1
SMDVR;RMDDL;1
URYDR;RMDDL;3
URYVL;RMDDL;4
ALML;RMDDR;1
CEPVR;RMDDR;2
IL1DL;RMDDR;1
IL1R;RMDDR;2
IL1VR;RMDDR;10
OLLR;RMDDR;10
OLQDL;RMDDR;1
OLQDL;RMDDR;3
RIAL;RMDDR;7
RIAR;RMDDR;1
RIAR;RMDDR;10
OLQVR;RMDDR;1
RMDVR;RMDDR;1
SAADR;RMDDR;1
RMDL;RMDDR;1
SMDDR;RMDDR;1
RMDVL;RMDDR;1
RMDVL;RMDDR;11
RMDVL;RMDDR;6
SMDVL;RMDDR;1
URBL;RMDDR;1
URYDL;RMDDR;1
URYDL;RMDDR;1
URYDL;RMDDR;3
URYVR;RMDDR;6
ADEL;RMDL;2
ADEL;RMDL;2
IL1L;RMDL;1
IL1R;RMDL;1
IL1R;RMDL;3
IL2L;RMDL;1
IL2L;RMDL;2
IL2R;RMDL;1
IL2R;RMDL;1
OLLL;RMDL;2
OLLR;RMDL;2
OLLR;RMDL;3
RIAL;RMDL;4
RIAL;RMDL;4
RIAL;RMDL;2
RIAR;RMDL;3
RIAR;RMDL;2
RIAR;RMDL;1
RIML;RMDL;1
RIMR;RMDL;2
RIMR;RMDL;1
RIS;RMDL;2
RIVL;RMDL;2
RMDDR;RMDL;1
RMDR;RMDL;3
RMDR;RMDL;1
RMDDL;RMDL;1
RMDVL;RMDL;1
RMER;RMDL;1
RMFL;RMDL;1
RMFR;RMDL;2
RMGL;RMDL;1
RMGR;RMDL;4
URBR;RMDL;1
ADER;RMDR;2
ALA;RMDR;1
AVKL;RMDR;1
AVKR;RMDR;1
IL1L;RMDR;3
IL1R;RMDR;2
IL2L;RMDR;1
RIAL;RMDR;3
RIAL;RMDR;4
RIAL;RMDR;2
RIAR;RMDR;3
RIAR;RMDR;4
RIAR;RMDR;1
RIAR;RMDR;7
RIML;RMDR;1
RIMR;RMDR;2
RIMR;RMDR;1
RIS;RMDR;1
RIS;RMDR;1
RIS;RMDR;3
RIVR;RMDR;1
RMDDL;RMDR;1
RMDL;RMDR;1
RMDL;RMDR;3
RMDVR;RMDR;1
RMFL;RMDR;3
RMGL;RMDR;1
RMGL;RMDR;2
RMGR;RMDR;2
RMHL;RMDR;1
URBR;RMDR;1
URXR;RMDR;1
CEPDL;RMDVL;1
CEPDL;RMDVL;2
IL1DL;RMDVL;4
IL1L;RMDVL;4
IL1R;RMDVL;1
OLLL;RMDVL;1
OLQVR;RMDVL;4
RIAL;RMDVL;1
RIAL;RMDVL;8
RIAR;RMDVL;12
RMDDR;RMDVL;6
RMDDR;RMDVL;1
RMDDR;RMDVL;11
AVER;RMDVL;1
OLQDL;RMDVL;1
RMDDL;RMDVL;1
RMDL;RMDVL;1
RMDVR;RMDVL;1
SAAVL;RMDVL;1
SMDVL;RMDVL;1
RMGL;RMDVL;3
URAVR;RMDVL;1
URYDL;RMDVL;2
URYDL;RMDVL;4
URYVR;RMDVL;1
URYVR;RMDVL;3
CEPDR;RMDVR;2
IL1DR;RMDVR;5
IL1L;RMDVR;2
IL1R;RMDVR;4
OLLR;RMDVR;3
OLQVL;RMDVR;1
OLQVL;RMDVR;3
RIAL;RMDVR;2
RIAL;RMDVR;9
RIAR;RMDVR;1
RIAR;RMDVR;9
RIVR;RMDVR;1
RMDDL;RMDVR;1
RMDDL;RMDVR;3
RMDDL;RMDVR;7
AVEL;RMDVR;1
AVER;RMDVR;1
OLQDR;RMDVR;1
RMDDR;RMDVR;1
RMDR;RMDVR;1
RMDVL;RMDVR;1
SAAVR;RMDVR;1
SMDVR;RMDVR;1
RMGR;RMDVR;5
SIBDR;RMDVR;1
SIBVR;RMDVR;1
URADR;RMDVR;1
URYDR;RMDVR;1
URYDR;RMDVR;4
URYVL;RMDVR;2
IL2DR;RMED;1
RIBL;RMED;1
RIBR;RMED;1
IL1VL;RMED;1
RIPL;RMED;1
RIPR;RMED;1
RMEV;RMED;2
SMBDL;RMED;3
SMBDR;RMED;4
URADR;RMED;1
IL1R;RMEL;2
IL2DL;RMEL;4
IL2DR;RMEL;2
IL2R;RMEL;2
IL2VL;RMEL;1
IL2VL;RMEL;1
IL2VR;RMEL;3
OLLL;RMEL;2
RIGL;RMEL;1
RMEV;RMEL;1
URADL;RMEL;1
URAVL;RMEL;1
IL1L;RMER;1
IL1VR;RMER;1
IL2DL;RMER;3
IL2DR;RMER;2
IL2L;RMER;2
IL2VL;RMER;4
IL2VR;RMER;2
OLLR;RMER;2
OLQVR;RMER;1
RIH;RMER;2
RMDL;RMER;1
RMEV;RMER;1
RMHR;RMER;1
URADR;RMER;1
URAVL;RMER;1
URAVR;RMER;2
IL2DR;RMEV;1
IL2L;RMEV;2
IL2R;RMEV;1
IL2VL;RMEV;1
IL2VR;RMEV;3
PVT;RMEV;1
RIH;RMEV;1
RIVR;RMEV;1
AVEL;RMEV;1
AVER;RMEV;1
IL1DL;RMEV;1
IL1DR;RMEV;1
RMED;RMEV;2
RMEL;RMEV;1
RMER;RMEV;1
SMBVL;RMEV;1
SMBVL;RMEV;4
SMBVR;RMEV;3
SMDDR;RMEV;1
URAVL;RMEV;2
URAVR;RMEV;2
AVKL;RMFL;4
AVKR;RMFL;4
AVKR;RMFL;1
DVC;RMFL;2
PVT;RMFL;1
PVT;RMFL;2
RIGL;RMFL;1
RIGR;RMFL;1
RIMR;RMFL;1
RMDL;RMFL;1
RMDR;RMFL;3
URBR;RMFL;1
RMGR;RMFL;1
SAADR;RMFL;1
SDQL;RMFL;1
VB01;RMFL;2
AVKL;RMFR;3
AVKL;RMFR;1
AVKR;RMFR;3
DVC;RMFR;4
PVT;RMFR;1
PVT;RMFR;2
RICL;RMFR;1
RIML;RMFR;1
RIMR;RMFR;1
RMDL;RMFR;2
SAAVL;RMFR;2
ADAL;RMGL;1
ADEL;RMGL;1
AIAL;RMGL;1
AIBR;RMGL;1
ALML;RMGL;1
ALML;RMGL;1
ALNL;RMGL;1
ASHL;RMGL;1
AVAL;RMGL;1
AVBR;RMGL;2
AVEL;RMGL;2
CEPDL;RMGL;1
CEPDL;RMGL;1
CEPDL;RMGL;3
PVQL;RMGL;1
RID;RMGL;1
RMDL;RMGL;1
RMDR;RMGL;1
RMDR;RMGL;2
RMDVL;RMGL;3
ADLL;RMGL;1
ASHL;RMGL;1
ASKL;RMGL;1
AWBL;RMGL;1
IL2L;RMGL;1
RMHL;RMGL;3
URXL;RMGL;1
RMHR;RMGL;1
RMHR;RMGL;1
SAADR;RMGL;1
SIAVL;RMGL;1
SIBVL;RMGL;2
SIBVR;RMGL;1
SMBVL;RMGL;1
SMBVL;RMGL;1
URXL;RMGL;1
URXL;RMGL;2
ADAR;RMGR;1
AIMR;RMGR;1
AIMR;RMGR;1
AIMR;RMGR;1
ALNR;RMGR;1
ASHR;RMGR;1
ASHR;RMGR;2
AVAR;RMGR;1
AVBR;RMGR;1
AVDL;RMGR;1
AVER;RMGR;3
AVJL;RMGR;1
CEPDR;RMGR;1
HSNR;RMGR;1
PVPR;RMGR;1
RIR;RMGR;1
RMDL;RMGR;4
RMDR;RMGR;2
RMDVR;RMGR;5
RMFL;RMGR;1
ASHR;RMGR;1
ASKR;RMGR;1
AWBR;RMGR;1
IL2R;RMGR;1
RMHR;RMGR;1
URXR;RMGR;1
SAADL;RMGR;1
URXR;RMGR;1
URXR;RMGR;1
ADEL;RMHL;1
CEPDR;RMHL;4
CEPVL;RMHL;1
IL1R;RMHL;1
RIGR;RMHL;4
RMDR;RMHL;1
RMGL;RMHL;3
SIBVR;RMHL;1
SDQR;RMHL;2
ALNR;RMHR;1
CEPDL;RMHR;1
CEPDL;RMHR;3
CEPDR;RMHR;1
CEPVR;RMHR;2
OLQDR;RMHR;1
RIGL;RMHR;3
RMER;RMHR;1
RMGL;RMHR;1
RMGL;RMHR;1
RMGR;RMHR;1
SDQR;RMHR;1
AIBL;SAADL;1
AIBL;SAADL;2
AIBR;SAADL;1
AVAL;SAADL;6
AVKR;SAADL;1
BDUL;SAADL;1
PLNL;SAADL;5
RIML;SAADL;1
RIML;SAADL;2
RIMR;SAADL;1
RIMR;SAADL;5
RIVR;SAADL;2
RMGR;SAADL;1
SMBDL;SAADL;1
SMBVL;SAADL;3
VB01;SAADL;7
VB01;SAADL;2
AIBL;SAADR;2
AIBR;SAADR;1
AVAR;SAADR;3
AVKL;SAADR;1
DVA;SAADR;1
OLLL;SAADR;1
PLNR;SAADR;4
RIAR;SAADR;1
RIML;SAADR;1
RIML;SAADR;3
RIML;SAADR;1
RIMR;SAADR;2
RIMR;SAADR;3
RIVL;SAADR;3
RMFL;SAADR;1
RMGL;SAADR;1
RMDDR;SAADR;1
SMBVR;SAADR;4
VB01;SAADR;2
VB01;SAADR;2
AIBL;SAAVL;1
ALNL;SAAVL;1
ALNL;SAAVL;3
AVAL;SAAVL;1
AVAL;SAAVL;16
DVA;SAAVL;1
OLLR;SAAVL;1
RIML;SAAVL;2
RIML;SAAVL;3
RIMR;SAAVL;12
RIMR;SAAVL;1
RIMR;SAAVL;2
RMFR;SAAVL;2
RMDVL;SAAVL;1
SMBVR;SAAVL;3
SMBDR;SAAVL;3
SMDDR;SAAVL;8
ADER;SAAVR;1
ALNR;SAAVR;2
AVAR;SAAVR;4
AVAR;SAAVR;9
DVA;SAAVR;1
RIML;SAAVR;5
RIML;SAAVR;2
RIMR;SAAVR;2
RIMR;SAAVR;3
RMDVR;SAAVR;1
SMBVL;SAAVR;2
SMBDL;SAAVR;1
SMBDL;SAAVR;1
SMDDL;SAAVR;6
AVAR;SABD;1
AVDL;SABD;1
AVDL;SABD;1
AVDR;SABD;1
AVEL;SABD;6
AVER;SABD;2
AVL;SABD;1
AVL;SABD;4
DVA;SABD;1
HSNR;SABD;1
PVR;SABD;1
AVAL;SABD;4
VA02;SABD;3
VA03;SABD;2
VA04;SABD;1
VA02;SABD;1
VB01;SABD;1
AVAR;SABVL;1
AVAR;SABVL;2
AVDL;SABVL;1
AVDR;SABVL;3
AVEL;SABVL;7
AVER;SABVL;3
AVJR;SABVL;1
AVL;SABVL;4
HSNL;SABVL;2
AVAR;SABVL;3
DA01;SABVL;2
DA02;SABVL;1
AVDL;SABVR;1
AVDR;SABVR;1
AVEL;SABVR;3
AVER;SABVR;3
AVL;SABVR;3
HSNR;SABVR;1
AVAL;SABVR;1
AVAR;SABVR;1
DA01;SABVR;3
AIBR;SDQL;1
ALML;SDQL;1
ALML;SDQL;1
AVAL;SDQL;1
AVAL;SDQL;1
AVAR;SDQL;3
AVEL;SDQL;1
BDUR;SDQL;1
FLPL;SDQL;1
RICR;SDQL;1
RIS;SDQL;2
RIS;SDQL;1
RMFL;SDQL;1
SDQR;SDQL;1
ADLL;SDQR;1
AIBL;SDQR;2
AVAL;SDQR;2
AVBL;SDQR;2
AVBL;SDQR;4
AVBR;SDQR;4
DVA;SDQR;3
RICR;SDQR;1
RMHL;SDQR;2
RMHR;SDQR;1
AVAL;SDQR;1
AVBL;SDQR;1
RIVL;SDQR;2
RIVR;SDQR;2
SDQL;SDQR;1
SIBVL;SDQR;1
ALMR;SIADL;1
CEPDR;SIADL;1
RIAL;SIADL;2
RIAR;SIADL;1
RIBL;SIADL;1
ADEL;SIADR;1
CEPDL;SIADR;1
CEPDL;SIADR;1
RIAR;SIADR;1
RIBR;SIADR;1
CEPVL;SIAVL;1
CEPVL;SIAVL;1
RIAR;SIAVL;1
RIVR;SIAVL;2
RMGL;SIAVL;1
RIBL;SIAVL;1
URBL;SIAVL;1
AVKL;SIAVR;1
CEPVR;SIAVR;2
RIVL;SIAVR;2
RIBR;SIAVR;1
URBR;SIAVR;2
URXR;SIAVR;1
OLQVL;SIBDL;3
RIBL;SIBDL;1
SIBVL;SIBDL;1
ADEL;SIBDR;1
OLQVR;SIBDR;4
RMDVR;SIBDR;1
AIML;SIBDR;1
RIBR;SIBDR;1
SIBVR;SIBDR;1
URYVR;SIBDR;1
AVM;SIBVL;1
OLQDL;SIBVL;3
PVCL;SIBVL;2
RMGL;SIBVL;2
AVBL;SIBVL;1
AVBR;SIBVL;1
RIBL;SIBVL;1
SDQR;SIBVL;1
SIBDL;SIBVL;1
URYVR;SIBVL;1
OLQDR;SIBVR;2
PVCR;SIBVR;2
RMDVR;SIBVR;1
RMGL;SIBVR;1
RIBL;SIBVR;1
RIBR;SIBVR;1
RMHL;SIBVR;1
SIBDR;SIBVR;1
URYVL;SIBVR;1
AIZL;SMBDL;1
AIZL;SMBDL;8
ALNR;SMBDL;2
AVAR;SMBDL;1
AVHR;SMBDL;1
AVKR;SMBDL;1
AWBL;SMBDL;1
DVA;SMBDL;3
RICL;SMBDL;2
RMED;SMBDL;3
SAAVR;SMBDL;1
SAAVR;SMBDL;1
AVKL;SMBDL;1
AVKR;SMBDL;1
RIBL;SMBDL;1
SAADL;SMBDL;1
URBR;SMBDL;1
ADEL;SMBDR;1
ADFR;SMBDR;1
AIZR;SMBDR;5
ALNL;SMBDR;2
AVAL;SMBDR;1
AVHL;SMBDR;1
CEPDL;SMBDR;1
CEPDR;SMBDR;1
DVA;SMBDR;2
PVT;SMBDR;1
RICR;SMBDR;1
RMED;SMBDR;4
SAAVL;SMBDR;3
ALNL;SMBDR;1
AVKL;SMBDR;1
AVKR;SMBDR;2
RIBR;SMBDR;1
URBL;SMBDR;1
ADFL;SMBVL;2
AIML;SMBVL;1
AIZL;SMBVL;7
AVHR;SMBVL;1
DVA;SMBVL;3
PLNL;SMBVL;1
PLNL;SMBVL;1
PLNL;SMBVL;5
RMEV;SMBVL;1
RMEV;SMBVL;4
RMGL;SMBVL;1
RMGL;SMBVL;1
SAADL;SMBVL;3
SAAVR;SMBVL;2
ADFR;SMBVR;2
AIZR;SMBVR;3
AVHL;SMBVR;2
AWBR;SMBVR;1
DVA;SMBVR;2
PLNR;SMBVR;2
PLNR;SMBVR;4
RMEV;SMBVR;3
SAADR;SMBVR;4
AVKL;SMBVR;1
AVKR;SMBVR;1
SAAVL;SMBVR;3
AIBR;SMDDL;1
AIBR;SMDDL;2
AVKR;SMDDL;1
OLLL;SMDDL;2
OLLL;SMDDL;1
RIAL;SMDDL;1
RIAL;SMDDL;3
RIAL;SMDDL;5
RIAR;SMDDL;1
RIAR;SMDDL;1
RIAR;SMDDL;2
RIAR;SMDDL;5
RIBR;SMDDL;1
RICL;SMDDL;3
RICR;SMDDL;4
RIMR;SMDDL;2
RIVR;SMDDL;2
SAAVR;SMDDL;6
RIBL;SMDDL;1
RIBR;SMDDL;1
RIS;SMDDL;1
RMDDL;SMDDL;1
SMDVR;SMDDL;2
SMDVR;SMDDL;2
URYDL;SMDDL;1
URYDR;SMDDL;3
URYDR;SMDDL;1
AIBL;SMDDR;4
AIZR;SMDDR;1
ALNR;SMDDR;1
AVKL;SMDDR;1
AVKR;SMDDR;2
OLLL;SMDDR;3
OLLL;SMDDR;1
OLLR;SMDDR;1
RIAL;SMDDR;2
RIAL;SMDDR;3
RIAL;SMDDR;7
RIAR;SMDDR;1
RIAR;SMDDR;1
RIAR;SMDDR;6
RICL;SMDDR;3
RICR;SMDDR;3
RIML;SMDDR;1
RIML;SMDDR;4
RIMR;SMDDR;4
RIS;SMDDR;2
RIVL;SMDDR;1
RMEV;SMDDR;1
SAAVL;SMDDR;8
RIBR;SMDDR;1
RIS;SMDDR;1
RMDDR;SMDDR;1
VD01;SMDDR;1
SMDVL;SMDDR;4
URYDL;SMDDR;1
URYDL;SMDDR;1
ADAR;SMDVL;2
AIBR;SMDVL;1
ALNL;SMDVL;1
ALNR;SMDVL;1
OLLR;SMDVL;4
PVR;SMDVL;1
RIAL;SMDVL;3
RIAL;SMDVL;1
RIAL;SMDVL;5
RIAR;SMDVL;8
RIAR;SMDVL;2
RIAR;SMDVL;11
RICR;SMDVL;2
RIML;SMDVL;1
RIVL;SMDVL;1
RMDDR;SMDVL;1
SMDDR;SMDVL;4
RIBR;SMDVL;2
RIS;SMDVL;1
RIVL;SMDVL;1
RMDVL;SMDVL;1
SMDVR;SMDVL;1
URYVR;SMDVL;3
ADAL;SMDVR;2
OLLL;SMDVR;4
OLLR;SMDVR;3
RIAL;SMDVR;7
RIAL;SMDVR;1
RIAL;SMDVR;10
RIAR;SMDVR;5
RIAR;SMDVR;1
RIAR;SMDVR;6
RIBL;SMDVR;2
RICL;SMDVR;1
RICR;SMDVR;1
RIS;SMDVR;1
RIVR;SMDVR;1
RIVR;SMDVR;2
RMDDL;SMDVR;1
RMDDL;SMDVR;1
SMDDL;SMDVR;2
SMDDL;SMDVR;2
RIBL;SMDVR;2
RIVR;SMDVR;2
RMDVR;SMDVR;1
SMDVL;SMDVR;1
VB01;SMDVR;1
URYVL;SMDVR;1
URYVL;SMDVR;3
BDUL;URADL;1
CEPDL;URADL;2
IL1DL;URADL;2
IL2DL;URADL;1
IL2DL;URADL;2
PVR;URADL;1
RIPL;URADL;3
RMEL;URADL;1
BDUR;URADR;1
CEPDR;URADR;1
IL1DR;URADR;1
IL2DR;URADR;3
RIPR;URADR;3
RMDVR;URADR;1
RMED;URADR;1
RMER;URADR;1
URYDR;URADR;1
CEPVL;URAVL;2
IL2VL;URAVL;3
RIPL;URAVL;3
RMEL;URAVL;1
RMER;URAVL;1
RMEV;URAVL;2
CEPVR;URAVR;1
IL1R;URAVR;1
IL2VR;URAVR;4
RIPR;URAVR;3
RMDVL;URAVR;1
RMER;URAVR;2
RMEV;URAVR;2
ADEL;URBL;1
AVBL;URBL;1
CEPDL;URBL;1
CEPDL;URBL;4
IL1L;URBL;1
RICR;URBL;1
RMDDR;URBL;1
SIAVL;URBL;1
SMBDR;URBL;1
OLQDL;URBL;1
OLQVL;URBL;1
URXL;URBL;2
URXL;URBL;2
VC05;URBL;3
ADAR;URBR;1
AVBR;URBR;1
CEPDR;URBR;1
CEPDR;URBR;2
IL1R;URBR;3
IL2R;URBR;1
IL2R;URBR;1
RICR;URBR;1
RMDL;URBR;1
RMDR;URBR;1
SIAVR;URBR;2
SMBDL;URBR;1
OLQDR;URBR;1
OLQVR;URBR;1
RMFL;URBR;1
URXR;URBR;2
URXR;URBR;4
AQR;URXL;1
ASHL;URXL;1
AUAL;URXL;1
AUAL;URXL;4
AVBL;URXL;1
AVEL;URXL;3
AVEL;URXL;1
AVJR;URXL;1
IL2L;URXL;2
RIAL;URXL;1
RIAL;URXL;7
RICL;URXL;1
RIGL;URXL;2
RIGL;URXL;1
RIR;URXL;5
RMGL;URXL;2
RMGL;URXL;1
URBL;URXL;2
URBL;URXL;2
RMGL;URXL;1
ADFR;URXR;1
AUAR;URXR;1
AUAR;URXR;3
AUAR;URXR;1
AVBL;URXR;1
AVBR;URXR;2
AVER;URXR;2
IL1R;URXR;2
IL2VR;URXR;1
OLQVR;URXR;1
RIAR;URXR;3
RIGR;URXR;2
RIPR;URXR;3
RIR;URXR;1
RIR;URXR;1
RMDR;URXR;1
RMGR;URXR;1
RMGR;URXR;1
SIAVR;URXR;1
URBR;URXR;2
URBR;URXR;4
IL2R;URXR;1
RMGR;URXR;1
AVER;URYDL;2
CEPDL;URYDL;2
IL1DL;URYDL;1
OLLL;URYDL;1
RIBL;URYDL;1
RMDDR;URYDL;1
RMDDR;URYDL;3
RMDDR;URYDL;1
RMDVL;URYDL;2
RMDVL;URYDL;4
SMDDL;URYDL;1
SMDDR;URYDL;1
SMDDR;URYDL;1
AVAL;URYDL;1
RIGL;URYDL;1
AVEL;URYDR;2
AVER;URYDR;2
CEPDR;URYDR;1
RIBR;URYDR;1
RMDDL;URYDR;3
RMDVR;URYDR;1
RMDVR;URYDR;4
SMDDL;URYDR;3
SMDDL;URYDR;1
URADR;URYDR;1
AVAR;URYDR;1
RIGR;URYDR;1
AVBR;URYVL;1
AVER;URYVL;5
IL1VL;URYVL;1
IL1VL;URYVL;1
RIAL;URYVL;1
RIBL;URYVL;2
RIH;URYVL;1
RIS;URYVL;1
RMDDL;URYVL;4
RMDVR;URYVL;2
SIBVR;URYVL;1
SMDVR;URYVL;1
SMDVR;URYVL;3
AVAR;URYVL;1
RIGL;URYVL;1
AVAL;URYVR;1
AVEL;URYVR;6
IL1VR;URYVR;1
RIAR;URYVR;1
RIBR;URYVR;1
RIH;URYVR;1
RIS;URYVR;1
RMDDR;URYVR;6
RMDVL;URYVR;1
RMDVL;URYVR;3
SIBDR;URYVR;1
SIBVL;URYVR;1
SMDVL;URYVR;3
AVAL;URYVR;1
RIGR;URYVR;1
AVEL;VA01;5
AVER;VA01;1
AVM;VA01;2
DD01;VA01;9
AVAL;VA01;3
DA02;VA01;2
VB01;VA01;3
VD01;VA01;2
VD01;VA01;2
AVAL;VA02;1
AVAL;VA02;1
AVAR;VA02;2
AVBL;VA02;1
AVDR;VA02;1
AVER;VA02;1
DD01;VA02;13
DVA;VA02;1
SABD;VA02;1
AVAL;VA02;4
SABD;VA02;3
VD01;VA02;1
VD02;VA02;3
VA03;VA02;1
VA03;VA02;1
VB01;VA02;2
VB02;VA02;1
VD01;VA02;2
VD02;VA02;8
VD02;VA02;6
AVAL;VA03;2
AVAR;VA03;5
AVDR;VA03;2
AVEL;VA03;1
AVEL;VA03;2
AVER;VA03;2
DD01;VA03;1
DD01;VA03;17
DD02;VA03;11
VA02;VA03;2
AS01;VA03;1
AVAL;VA03;1
AVAR;VA03;2
SABD;VA03;2
VA04;VA03;1
VB01;VA03;1
VD02;VA03;3
VD03;VA03;3
VD03;VA03;2
AVAL;VA04;2
AVAR;VA04;2
AVBR;VA04;1
AVDL;VA04;1
AVER;VA04;1
DD02;VA04;21
VA03;VA04;1
AS02;VA04;2
AVAL;VA04;1
AVAR;VA04;3
DA05;VA04;1
SABD;VA04;1
VB03;VA04;1
VB03;VA04;1
VB03;VA04;1
VD04;VA04;3
AVAL;VA05;3
AVAR;VA05;1
AVDL;VA05;1
AVDL;VA05;1
AVER;VA05;1
DD02;VA05;5
DD03;VA05;1
DD03;VA05;12
AS03;VA05;2
AVAL;VA05;5
AVAR;VA05;3
DA05;VA05;2
VD05;VA05;2
VD05;VA05;2
AVAL;VA06;4
AVAR;VA06;3
AVDR;VA06;1
DD03;VA06;9
DD03;VA06;15
HSNR;VA06;1
AVAL;VA06;6
AVAR;VA06;2
VB05;VA06;2
VD05;VA06;1
VD06;VA06;2
VD06;VA06;1
AVBL;VA07;1
DD03;VA07;3
DD04;VA07;12
AS05;VA07;1
AVAL;VA07;2
AVAR;VA07;4
VB03;VA07;1
VD07;VA07;9
AVAL;VA08;9
AVAR;VA08;11
AVAR;VA08;1
DD04;VA08;5
DD04;VA08;16
AS06;VA08;1
AVAL;VA08;10
AVAR;VA08;4
AVBR;VA08;1
PDER;VA08;1
PVCR;VA08;2
VA08;VA08;1
VB08;VA08;3
VB09;VA08;3
VD08;VA08;1
VA09;VA08;1
VB06;VA08;1
VB06;VA08;1
VB08;VA08;1
VD07;VA08;5
VD08;VA08;3
VD08;VA08;2
VD08;VA08;4
AVAL;VA09;7
AVAR;VA09;4
AVAR;VA09;2
AVBR;VA09;1
DD04;VA09;3
DD05;VA09;15
PDEL;VA09;1
PVDR;VA09;1
PVT;VA09;1
VA08;VA09;1
AVAL;VA09;1
AVBR;VA09;1
DVB;VA09;1
DVC;VA09;1
PVCR;VA09;1
VB08;VA09;1
VB09;VA09;4
VD07;VA09;1
VB08;VA09;4
VB08;VA09;2
VB08;VA09;9
VD09;VA09;9
VD09;VA09;1
AVAL;VA10;5
AVAR;VA10;4
AVBL;VA10;1
AVAL;VA10;1
AVAR;VA10;1
AVAL;VA11;6
AVAR;VA11;8
AVDR;VA11;1
AVG;VA11;1
DD06;VA11;10
PVNR;VA11;2
AVAL;VA11;1
AVAR;VA11;7
VA12;VA11;1
VB10;VA11;1
VD11;VA11;1
VD12;VA11;1
VD12;VA11;3
VD12;VA11;3
AS11;VA12;2
AVAL;VA12;2
DA08;VA12;3
DA09;VA12;1
DA09;VA12;4
DB07;VA12;4
DD06;VA12;2
DVA;VA12;1
LUAL;VA12;2
PHBL;VA12;1
PHBR;VA12;2
PHCL;VA12;2
PHCR;VA12;1
PVCL;VA12;2
PVCR;VA12;3
PVWL;VA12;1
PVWR;VA12;1
VA11;VA12;1
AVAR;VA12;1
PHCL;VA12;1
PHCR;VA12;1
VB11;VA12;1
VB11;VA12;1
VD12;VA12;3
VD12;VA12;2
VD13;VA12;2
VD13;VA12;9
VD13;VA12;1
AIBR;VB01;1
AIBR;VB01;3
AVFL;VB01;1
AVFL;VB01;0
DD01;VB01;1
DVA;VB01;1
DVA;VB01;1
FLPR;VB01;1
FLPR;VB01;0
RIML;VB01;2
RMFL;VB01;2
SAADL;VB01;7
SAADL;VB01;2
SAADR;VB01;2
SAADR;VB01;2
SABD;VB01;1
VA01;VB01;3
VA02;VB01;2
VA03;VB01;1
AVBL;VB01;1
AVKL;VB01;4
DB02;VB01;2
SMDVR;VB01;1
VB02;VB01;4
VD01;VB01;3
VD02;VB01;1
AIZL;VB02;1
AVBL;VB02;1
DD01;VB02;3
DD01;VB02;17
DD02;VB02;1
VA02;VB02;1
AVBL;VB02;3
AVBR;VB02;1
DB04;VB02;1
RIGL;VB02;1
VB01;VB02;4
VB03;VB02;1
VB05;VB02;1
VB07;VB02;2
VC02;VB02;1
VD02;VB02;9
VD02;VB02;3
VD03;VB02;3
VD03;VB02;2
DD02;VB03;6
DD02;VB03;31
PVCL;VB03;1
VA04;VB03;1
VA04;VB03;2
AVBR;VB03;1
DB01;VB03;1
VA07;VB03;1
VB02;VB03;1
DD02;VB04;2
DD02;VB04;4
DD03;VB04;14
DD03;VB04;2
PVCL;VB04;1
PVCR;VB04;3
AVBL;VB04;1
AVBR;VB04;1
DB01;VB04;1
DB04;VB04;1
VB05;VB04;1
VD05;VB04;2
DD03;VB05;6
DD03;VB05;21
PVCL;VB05;1
VA06;VB05;2
AVBL;VB05;1
VB02;VB05;1
VB04;VB05;1
VB06;VB05;1
VD06;VB05;1
VD06;VB05;6
VD06;VB05;2
DD04;VB06;30
PVCL;VB06;2
PVCR;VB06;2
VA08;VB06;1
VA08;VB06;1
AVBL;VB06;1
AVBR;VB06;2
DA04;VB06;1
VB05;VB06;1
VB07;VB06;1
VD06;VB06;1
VD07;VB06;8
DD04;VB07;2
PVCR;VB07;3
VB06;VB07;1
AVBL;VB07;2
AVBR;VB07;2
VB02;VB07;2
DD05;VB08;23
DD05;VB08;7
DD05;VB08;1
PVCL;VB08;1
PVCR;VB08;1
VA08;VB08;1
VA09;VB08;5
VA09;VB08;4
VA09;VB08;6
AVBL;VB08;7
AVBR;VB08;3
VA08;VB08;3
VA09;VB08;1
VB09;VB08;3
VB09;VB08;1
VB09;VB08;2
VB09;VB08;1
VD09;VB08;5
VD09;VB08;5
VD10;VB08;1
DD05;VB09;5
DD05;VB09;3
VB08;VB09;1
VB08;VB09;3
AVAL;VB09;5
AVAR;VB09;4
AVBL;VB09;1
AVBR;VB09;6
DVB;VB09;1
PVCL;VB09;2
VA08;VB09;3
VA09;VB09;4
VB08;VB09;3
VD10;VB09;4
VD10;VB09;1
VD10;VB09;2
DD06;VB10;9
PVCL;VB10;2
PVCR;VB10;1
PVT;VB10;1
VA11;VB10;1
AVBL;VB10;2
AVBR;VB10;1
AVKL;VB10;1
PVCL;VB10;1
VD11;VB10;1
VD11;VB10;1
VD12;VB10;2
VD12;VB10;1
DD06;VB11;1
DD06;VB11;6
DVA;VB11;2
PVCL;VB11;1
PVCR;VB11;1
VA12;VB11;1
AVBL;VB11;2
AVBR;VB11;1
VA12;VB11;1
VD12;VB11;1
AVL;VC01;2
DD01;VC01;4
DD01;VC01;3
DD02;VC01;2
DD02;VC01;4
DD03;VC01;2
DD03;VC01;4
DVC;VC01;1
PVT;VC01;2
VC02;VC01;6
VC03;VC01;2
VC02;VC01;3
VC02;VC01;4
VD01;VC01;1
VC03;VC01;1
VC03;VC01;2
VC04;VC01;1
VD01;VC01;1
VD01;VC01;3
VD02;VC01;1
VD03;VC01;1
VD04;VC01;2
VD05;VC01;2
VD05;VC01;3
VD06;VC01;1
DB04;VC02;1
DD01;VC02;2
DD01;VC02;4
DD02;VC02;4
DD03;VC02;5
DD03;VC02;4
DVC;VC02;1
HSNR;VC02;1
HSNR;VC02;2
PVCR;VC02;1
PVNR;VC02;1
PVNR;VC02;1
PVQR;VC02;1
PVT;VC02;2
VB02;VC02;1
VC01;VC02;4
VC01;VC02;3
VC01;VC02;6
VC03;VC02;2
VC03;VC02;4
VC03;VC02;1
VD01;VC02;2
VD02;VC02;1
VD02;VC02;1
VD04;VC02;1
VD04;VC02;4
VD05;VC02;5
VD06;VC02;1
AVBL;VC03;1
AVL;VC03;1
DD01;VC03;1
DD01;VC03;1
DD02;VC03;4
DD03;VC03;1
DD03;VC03;4
DD04;VC03;2
DD04;VC03;10
DVC;VC03;1
HSNR;VC03;1
HSNR;VC03;1
PVNR;VC03;1
PVNR;VC03;1
PVPR;VC03;1
PVQR;VC03;4
VC01;VC03;2
VC01;VC03;1
VC02;VC03;1
VC02;VC03;4
DD04;VC03;1
VC01;VC03;2
VC02;VC03;2
VC04;VC03;1
VC05;VC03;2
VC04;VC03;4
VC05;VC03;1
VD01;VC03;1
VD02;VC03;1
VD03;VC03;1
VD04;VC03;2
VD05;VC03;3
VD05;VC03;1
VD06;VC03;3
VD06;VC03;1
VD07;VC03;5
AVBL;VC04;1
AVHR;VC04;1
VC01;VC04;1
VC03;VC04;3
VC03;VC04;1
AVFR;VC04;1
VC03;VC04;1
VC05;VC04;1
VC05;VC04;1
VC05;VC04;1
AVFL;VC05;1
AVFR;VC05;1
DVC;VC05;2
HSNL;VC05;1
HSNL;VC05;3
OLLR;VC05;1
PVT;VC05;1
URBL;VC05;3
VC03;VC05;1
VC04;VC05;1
VC04;VC05;1
VC03;VC05;2
VC04;VC05;1
AS01;VD01;5
AVHL;VD01;1
DA01;VD01;17
DA02;VD01;2
DB01;VD01;21
DD01;VD01;1
PVQR;VD01;1
VA01;VD01;2
VA01;VD01;2
VA02;VD01;2
VB01;VD01;3
VC01;VD01;4
VC02;VD01;2
VC03;VD01;1
DD01;VD01;4
DVC;VD01;5
RIFL;VD01;1
RIGL;VD01;2
SMDDR;VD01;1
VA02;VD01;1
VC01;VD01;1
VD02;VD01;7
AS02;VD02;10
AS03;VD02;1
AVEL;VD02;1
DA01;VD02;1
DA02;VD02;11
DB01;VD02;15
DD01;VD02;1
DD01;VD02;1
VA02;VD02;6
VA02;VD02;8
VA03;VD02;3
VB01;VD02;1
VB02;VD02;3
VB02;VD02;9
VC01;VD02;1
VC02;VD02;2
VC03;VD02;1
AS01;VD02;1
DD01;VD02;2
VA02;VD02;3
VD01;VD02;7
VD03;VD02;2
AS03;VD03;15
AVBR;VD03;1
AVEL;VD03;1
DA02;VD03;5
DA03;VD03;25
DB01;VD03;1
DB02;VD03;23
DD02;VD03;1
VA03;VD03;2
VA03;VD03;3
VB02;VD03;2
VB02;VD03;3
VC01;VD03;1
VC03;VD03;1
PVPL;VD03;1
VD02;VD03;2
VD04;VD03;1
AS04;VD04;11
DA03;VD04;6
DA04;VD04;12
DA06;VD04;4
DB02;VD04;14
DB03;VD04;9
DD02;VD04;1
HSNR;VD04;2
VA04;VD04;3
VC01;VD04;2
VC02;VD04;5
VC03;VD04;2
DD02;VD04;2
PVPR;VD04;1
VD03;VD04;1
VD05;VD04;1
AS05;VD05;9
AVAR;VD05;1
DA04;VD05;15
DA05;VD05;1
DA06;VD05;3
DB02;VD05;1
DB03;VD05;26
RID;VD05;1
RID;VD05;1
VA05;VD05;1
VA05;VD05;1
VA05;VD05;2
VA06;VD05;1
VB04;VD05;2
VC01;VD05;5
VC02;VD05;5
VC03;VD05;4
PVPR;VD05;1
VD04;VD05;1
VD06;VD05;2
AS06;VD06;13
AVAL;VD06;1
DA05;VD06;16
DA06;VD06;3
DB03;VD06;7
DB04;VD06;13
PVNR;VD06;1
VA06;VD06;1
VA06;VD06;2
VB05;VD06;2
VB05;VD06;7
VB06;VD06;1
VC01;VD06;1
VC02;VD06;1
VC03;VD06;4
VD05;VD06;2
VD07;VD06;1
PVNR;VD07;1
VA07;VD07;9
VA08;VD07;5
VB06;VD07;8
VC03;VD07;5
VA09;VD07;1
VD06;VD07;1
DD04;VD08;1
VA08;VD08;1
VA08;VD08;3
VA08;VD08;5
DD04;VD08;1
VA08;VD08;1
DD05;VD09;1
VA09;VD09;10
VB08;VD09;10
PDER;VD09;1
VD10;VD09;5
DD05;VD10;1
PVDL;VD10;1
VB08;VD10;1
VB09;VD10;2
VB09;VD10;5
AVBR;VD10;1
DD05;VD10;1
DVC;VD10;4
VD09;VD10;5
AVAR;VD11;2
AVFR;VD11;1
PDEL;VD11;1
VA11;VD11;1
VB10;VD11;1
VB10;VD11;1
AVL;VD12;4
PVNR;VD12;1
VA11;VD12;3
VA11;VD12;4
VA12;VD12;2
VA12;VD12;3
VB10;VD12;1
VB10;VD12;2
VB11;VD12;1
AS11;VD13;2
AVAR;VD13;2
AVAR;VD13;2
DA09;VD13;1
DB07;VD13;2
PDA;VD13;3
PDB;VD13;2
PDB;VD13;2
PVCL;VD13;1
PVCR;VD13;1
RID;VD13;1
VA12;VD13;1
VA12;VD13;11
PVPL;VD13;2
AS02;NMJ;11
AS03;NMJ;12
AS04;NMJ;9
AS05;NMJ;10
AS06;NMJ;10
AS09;NMJ;1
AS11;NMJ;2
AVFL;NMJ;2
AVFR;NMJ;4
AVKR;NMJ;1
AVKR;NMJ;1
AVL;NMJ;10
DA01;NMJ;16
DA02;NMJ;15
DA03;NMJ;30
DA04;NMJ;26
DA05;NMJ;17
DA06;NMJ;6
VC01;NMJ;1
VC03;NMJ;3
AS01;NMJ;13
DA09;NMJ;1
DB01;NMJ;3
DB02;NMJ;24
DB03;NMJ;25
DB04;NMJ;6
DD01;NMJ;34
DD02;NMJ;28
DD03;NMJ;32
DD05;NMJ;1
DD06;NMJ;1
DVB;NMJ;1
DVB;NMJ;4
HSNL;NMJ;7
HSNR;NMJ;5
HSNR;NMJ;1
IL1DL;NMJ;1
IL1DL;NMJ;4
IL1DR;NMJ;1
IL1DR;NMJ;6
IL1L;NMJ;1
IL1L;NMJ;12
IL1R;NMJ;1
IL1R;NMJ;12
IL1VL;NMJ;3
IL1VL;NMJ;6
IL1VR;NMJ;1
IL1VR;NMJ;9
PDA;NMJ;2
PDB;NMJ;2
PLNL;NMJ;1
PVNL;NMJ;1
PVNL;NMJ;2
PVNR;NMJ;2
PVNR;NMJ;1
RID;NMJ;2
RID;NMJ;1
RIML;NMJ;3
RIML;NMJ;1
RIMR;NMJ;3
RIMR;NMJ;1
RIVL;NMJ;4
RIVR;NMJ;3
RIVR;NMJ;2
RMDDL;NMJ;1
RMDDL;NMJ;7
RMDDR;NMJ;10
RMDL;NMJ;9
RMDL;NMJ;2
RMDR;NMJ;3
RMDR;NMJ;1
RMDVL;NMJ;3
RMDVL;NMJ;6
RMDVR;NMJ;6
RMDVR;NMJ;3
RMED;NMJ;10
RMEL;NMJ;12
RMER;NMJ;15
RMEV;NMJ;5
RMFL;NMJ;2
RMFL;NMJ;1
RMGL;NMJ;3
RMGL;NMJ;1
RMGR;NMJ;3
RMHL;NMJ;7
RMHL;NMJ;1
RMHR;NMJ;5
RMHR;NMJ;2
SMBDL;NMJ;3
SMBDL;NMJ;5
SMBDR;NMJ;3
SMBDR;NMJ;7
SMBVL;NMJ;3
SMBVL;NMJ;3
SMBVR;NMJ;3
SMBVR;NMJ;3
SMDDL;NMJ;4
SMDDL;NMJ;1
SMDDR;NMJ;3
SMDVL;NMJ;3
SMDVR;NMJ;3
SMDVR;NMJ;1
URADL;NMJ;1
URADL;NMJ;5
URADR;NMJ;2
URADR;NMJ;5
URAVL;NMJ;6
URAVL;NMJ;3
URAVR;NMJ;1
URAVR;NMJ;7
VA01;NMJ;11
VA02;NMJ;19
VA03;NMJ;29
VA04;NMJ;25
VA05;NMJ;19
VA06;NMJ;20
VA07;NMJ;27
VA08;NMJ;23
VA09;NMJ;20
VA11;NMJ;18
VA12;NMJ;14
VB01;NMJ;5
VB02;NMJ;26
VB03;NMJ;35
VB04;NMJ;20
VB05;NMJ;22
VB06;NMJ;28
VB07;NMJ;2
VB08;NMJ;32
VB09;NMJ;24
VB10;NMJ;20
VB11;NMJ;14
VC01;NMJ;5
VC02;NMJ;9
VC02;NMJ;1
VC03;NMJ;8
VC04;NMJ;4
VC04;NMJ;3
VC05;NMJ;2
VC06;NMJ;1
VD01;NMJ;12
VD02;NMJ;22
VD03;NMJ;23
VD04;NMJ;25
VD05;NMJ;26
VD06;NMJ;27
VD07;NMJ;24
VD08;NMJ;25
VD09;NMJ;28
VD10;NMJ;22
VD11;NMJ;11
VD12;NMJ;13
VD13;NMJ;12